[27Sep2026 15:19:59.601] [main/INFO] [cpw.mods.modlauncher.Launcher/MODLAUNCHER]: ModLauncher running: args [--username, ahobakachan, --version, 1.21.1, --gameDir, C:/Users/gushi/AppData/Roaming/PrismLauncher/instances/1.21.1/minecraft, --assetsDir, C:/Users/gushi/AppData/Roaming/PrismLauncher/assets, --assetIndex, 17, --uuid, 8739cdbcfe66483fb5adfe38796c4d47, --accessToken, ❄❄❄❄❄❄❄❄, --userType, msa, --versionType, release, --fml.neoForgeVersion, 21.1.249, --fml.fmlVersion, 4.0.44, --fml.mcVersion, 1.21.1, --fml.neoFormVersion, 20240808.144430, --launchTarget, forgeclient, --width, 854, --height, 480]
[27Sep2026 15:19:59.604] [main/INFO] [cpw.mods.modlauncher.Launcher/MODLAUNCHER]: JVM identified as Microsoft OpenJDK 64-Bit Server VM 21.0.7+6-LTS
[27Sep2026 15:19:59.606] [main/INFO] [cpw.mods.modlauncher.Launcher/MODLAUNCHER]: ModLauncher 11.0.5+main.901c6ea8 starting: java version 21.0.7 by Microsoft; OS Windows 11 arch amd64 version 10.0
[27Sep2026 15:19:59.910] [main/INFO] [Sodium-GraphicsAdapterProbe/]: Searching for graphics cards...
[27Sep2026 15:20:00.077] [main/INFO] [Sodium-GraphicsAdapterProbe/]: Found graphics adapter: AdapterInfo{vendor=NVIDIA, description='NVIDIA GeForce RTX 3070', adapterType=0x0000231B, openglIcdFilePath='C:\WINDOWS\System32\DriverStore\FileRepository\nv_dispi.inf_amd64_da865124972e1f80\nvoglv64.dll', openglIcdVersion=32.0.16.1714}
[27Sep2026 15:20:00.080] [main/WARN] [Sodium-Workarounds/]: Sodium has applied one or more workarounds to prevent crashes or other issues on your system: [NVIDIA_THREADED_OPTIMIZATIONS_BROKEN]
[27Sep2026 15:20:00.080] [main/WARN] [Sodium-Workarounds/]: This is not necessarily an issue, but it may result in certain features or optimizations being disabled. You can sometimes fix these issues by upgrading your graphics driver.
[27Sep2026 15:20:00.081] [main/INFO] [Sodium-NvidiaWorkarounds/]: Modifying process environment to apply workarounds for the NVIDIA graphics driver...
[27Sep2026 15:20:00.082] [main/INFO] [net.neoforged.fml.loading.ImmediateWindowHandler/]: Loading ImmediateWindowProvider fmlearlywindow
[27Sep2026 15:20:00.155] [main/INFO] [EARLYDISPLAY/]: Trying GL version 4.6
[27Sep2026 15:20:00.422] [main/INFO] [EARLYDISPLAY/]: Requested GL version 4.6 got version 4.6
[27Sep2026 15:20:00.521] [main/INFO] [mixin/]: SpongePowered MIXIN Subsystem Version=0.8.7 Source=union:/C:/Users/gushi/AppData/Roaming/PrismLauncher/libraries/net/fabricmc/sponge-mixin/0.15.2+mixin.0.8.7/sponge-mixin-0.15.2+mixin.0.8.7.jar%23175!/ Service=ModLauncher Env=CLIENT
[27Sep2026 15:20:00.778] [main/INFO] [net.neoforged.fml.loading.moddiscovery.ModDiscoverer/SCAN]: Found mod file "client-1.21.1-20240808.144430-srg.jar" [locator: production client provider +net.neoforged:neoforge:21.1.249:client]
[27Sep2026 15:20:00.809] [main/INFO] [net.neoforged.fml.loading.moddiscovery.ModDiscoverer/SCAN]: Found mod file "neoforge-21.1.249-universal.jar" [locator: PathBasedLocator[name=neoforge, paths=[C:\Users\gushi\AppData\Roaming\PrismLauncher\libraries\net\neoforged\neoforge\21.1.249\neoforge-21.1.249-universal.jar]], reader: mod manifest]
[27Sep2026 15:20:00.819] [pool-2-thread-1/INFO] [EARLYDISPLAY/]: GL info: NVIDIA GeForce RTX 3070/PCIe/SSE2 GL version 4.6.0 NVIDIA 617.14, NVIDIA Corporation
[27Sep2026 15:20:00.833] [main/INFO] [net.neoforged.fml.loading.moddiscovery.ModDiscoverer/SCAN]: Found mod file "net.caffeinemc.sodium-neoforge-0.8.13+mc1.21.1-mod.jar" [locator: net.caffeinemc.mods.sodium.service.SodiumServiceModLocator@70e3f36f, reader: mod manifest]
[27Sep2026 15:20:00.843] [main/INFO] [net.neoforged.fml.loading.moddiscovery.ModDiscoverer/SCAN]: Found mod file "fabric-rendering-data-attachment-v1-0.3.48+73761d2e19.jar" [locator: net.caffeinemc.mods.sodium.service.SodiumServiceModLocator@70e3f36f, reader: mod manifest]
[27Sep2026 15:20:00.846] [main/INFO] [net.neoforged.fml.loading.moddiscovery.ModDiscoverer/SCAN]: Found mod file "fabric-renderer-api-v1-3.4.1+9125b6dc19.jar" [locator: net.caffeinemc.mods.sodium.service.SodiumServiceModLocator@70e3f36f, reader: mod manifest]
[27Sep2026 15:20:00.850] [main/INFO] [net.neoforged.fml.loading.moddiscovery.ModDiscoverer/SCAN]: Found mod file "fabric-block-view-api-v2-1.0.10+9afaaf8c19.jar" [locator: net.caffeinemc.mods.sodium.service.SodiumServiceModLocator@70e3f36f, reader: mod manifest]
[27Sep2026 15:20:00.852] [main/INFO] [net.neoforged.fml.loading.moddiscovery.ModDiscoverer/SCAN]: Found mod file "fabric-api-base-0.4.42+d1308ded19.jar" [locator: net.caffeinemc.mods.sodium.service.SodiumServiceModLocator@70e3f36f, reader: mod manifest]
[27Sep2026 15:20:00.857] [main/INFO] [net.neoforged.fml.loading.moddiscovery.ModDiscoverer/SCAN]: Found mod file "1.21.2-bundle-recipe-1.01.jar" [locator: {mods folder locator at C:\Users\gushi\AppData\Roaming\PrismLauncher\instances\1.21.1\minecraft\mods}, reader: mod manifest]
[27Sep2026 15:20:00.862] [main/INFO] [net.neoforged.fml.loading.moddiscovery.ModDiscoverer/SCAN]: Found mod file "Alex's Mobs Music Mod 1.20-26.1.2 v1.1.0.jar" [locator: {mods folder locator at C:\Users\gushi\AppData\Roaming\PrismLauncher\instances\1.21.1\minecraft\mods}, reader: mod manifest]
[27Sep2026 15:20:00.869] [main/INFO] [net.neoforged.fml.loading.moddiscovery.ModDiscoverer/SCAN]: Found mod file "alexsmobs-2.2.2-neoforge+1.21.1.jar" [locator: {mods folder locator at C:\Users\gushi\AppData\Roaming\PrismLauncher\instances\1.21.1\minecraft\mods}, reader: mod manifest]
[27Sep2026 15:20:00.873] [main/INFO] [net.neoforged.fml.loading.moddiscovery.ModDiscoverer/SCAN]: Found mod file "amcdelight-1.0.1-neoforge+1.21.1.jar" [locator: {mods folder locator at C:\Users\gushi\AppData\Roaming\PrismLauncher\instances\1.21.1\minecraft\mods}, reader: mod manifest]
[27Sep2026 15:20:00.876] [main/INFO] [net.neoforged.fml.loading.moddiscovery.ModDiscoverer/SCAN]: Found mod file "appleskin-neoforge-mc1.21-3.0.9.jar" [locator: {mods folder locator at C:\Users\gushi\AppData\Roaming\PrismLauncher\instances\1.21.1\minecraft\mods}, reader: mod manifest]
[27Sep2026 15:20:00.879] [main/INFO] [net.neoforged.fml.loading.moddiscovery.ModDiscoverer/SCAN]: Found mod file "Aquaculture-1.21.1-2.7.21.jar" [locator: {mods folder locator at C:\Users\gushi\AppData\Roaming\PrismLauncher\instances\1.21.1\minecraft\mods}, reader: mod manifest]
[27Sep2026 15:20:00.882] [main/INFO] [net.neoforged.fml.loading.moddiscovery.ModDiscoverer/SCAN]: Found mod file "architectury-13.0.11-neoforge.jar" [locator: {mods folder locator at C:\Users\gushi\AppData\Roaming\PrismLauncher\instances\1.21.1\minecraft\mods}, reader: mod manifest]
[27Sep2026 15:20:00.886] [main/INFO] [net.neoforged.fml.loading.moddiscovery.ModDiscoverer/SCAN]: Found mod file "artifacts-neoforge-13.2.5.jar" [locator: {mods folder locator at C:\Users\gushi\AppData\Roaming\PrismLauncher\instances\1.21.1\minecraft\mods}, reader: mod manifest]
[27Sep2026 15:20:00.890] [main/INFO] [net.neoforged.fml.loading.moddiscovery.ModDiscoverer/SCAN]: Found mod file "autumnity-ru-maple-integration-6.0.1.jar" [locator: {mods folder locator at C:\Users\gushi\AppData\Roaming\PrismLauncher\instances\1.21.1\minecraft\mods}, reader: mod manifest]
[27Sep2026 15:20:00.894] [main/INFO] [net.neoforged.fml.loading.moddiscovery.ModDiscoverer/SCAN]: Found mod file "backwiththebundle-1.0.0-rc.1.jar" [locator: {mods folder locator at C:\Users\gushi\AppData\Roaming\PrismLauncher\instances\1.21.1\minecraft\mods}, reader: mod manifest]
[27Sep2026 15:20:00.898] [main/INFO] [net.neoforged.fml.loading.moddiscovery.ModDiscoverer/SCAN]: Found mod file "balm-neoforge-1.21.1-21.0.66.jar" [locator: {mods folder locator at C:\Users\gushi\AppData\Roaming\PrismLauncher\instances\1.21.1\minecraft\mods}, reader: mod manifest]
[27Sep2026 15:20:00.902] [main/INFO] [net.neoforged.fml.loading.moddiscovery.ModDiscoverer/SCAN]: Found mod file "better-advanced-tooltips-2101.1.0-build.5.jar" [locator: {mods folder locator at C:\Users\gushi\AppData\Roaming\PrismLauncher\instances\1.21.1\minecraft\mods}, reader: mod manifest]
[27Sep2026 15:20:00.905] [main/INFO] [net.neoforged.fml.loading.moddiscovery.ModDiscoverer/SCAN]: Found mod file "blueprint-1.21.1-8.2.0.jar" [locator: {mods folder locator at C:\Users\gushi\AppData\Roaming\PrismLauncher\instances\1.21.1\minecraft\mods}, reader: mod manifest]
[27Sep2026 15:20:00.909] [main/INFO] [net.neoforged.fml.loading.moddiscovery.ModDiscoverer/SCAN]: Found mod file "chefsdelight-1.0.5-neoforge-1.21.1.jar" [locator: {mods folder locator at C:\Users\gushi\AppData\Roaming\PrismLauncher\instances\1.21.1\minecraft\mods}, reader: mod manifest]
[27Sep2026 15:20:00.912] [main/INFO] [net.neoforged.fml.loading.moddiscovery.ModDiscoverer/SCAN]: Found mod file "citadel-1.21.1-2.7.6.jar" [locator: {mods folder locator at C:\Users\gushi\AppData\Roaming\PrismLauncher\instances\1.21.1\minecraft\mods}, reader: mod manifest]
[27Sep2026 15:20:00.916] [main/INFO] [net.neoforged.fml.loading.moddiscovery.ModDiscoverer/SCAN]: Found mod file "codxlib-1.6.1-neoforge+1.21.1.jar" [locator: {mods folder locator at C:\Users\gushi\AppData\Roaming\PrismLauncher\instances\1.21.1\minecraft\mods}, reader: mod manifest]
[27Sep2026 15:20:00.920] [main/INFO] [net.neoforged.fml.loading.moddiscovery.ModDiscoverer/SCAN]: Found mod file "CreativeCore_NEOFORGE_v2.13.48_mc1.21.1.jar" [locator: {mods folder locator at C:\Users\gushi\AppData\Roaming\PrismLauncher\instances\1.21.1\minecraft\mods}, reader: mod manifest]
[27Sep2026 15:20:00.923] [main/INFO] [net.neoforged.fml.loading.moddiscovery.ModDiscoverer/SCAN]: Found mod file "curios-neoforge-9.5.1+1.21.1.jar" [locator: {mods folder locator at C:\Users\gushi\AppData\Roaming\PrismLauncher\instances\1.21.1\minecraft\mods}, reader: mod manifest]
[27Sep2026 15:20:00.927] [main/INFO] [net.neoforged.fml.loading.moddiscovery.ModDiscoverer/SCAN]: Found mod file "DistantHorizons-3.3.2-1.21.1.jar" [locator: {mods folder locator at C:\Users\gushi\AppData\Roaming\PrismLauncher\instances\1.21.1\minecraft\mods}, reader: mod manifest]
[27Sep2026 15:20:00.930] [main/INFO] [net.neoforged.fml.loading.moddiscovery.ModDiscoverer/SCAN]: Found mod file "Dragon Mounts Remastered-1.21.1-1.9.2.jar" [locator: {mods folder locator at C:\Users\gushi\AppData\Roaming\PrismLauncher\instances\1.21.1\minecraft\mods}, reader: mod manifest]
[27Sep2026 15:20:00.934] [main/INFO] [net.neoforged.fml.loading.moddiscovery.ModDiscoverer/SCAN]: Found mod file "ends_delight-2.6.1+neoforge.1.21.1.jar" [locator: {mods folder locator at C:\Users\gushi\AppData\Roaming\PrismLauncher\instances\1.21.1\minecraft\mods}, reader: mod manifest]
[27Sep2026 15:20:00.937] [main/INFO] [net.neoforged.fml.loading.moddiscovery.ModDiscoverer/SCAN]: Found mod file "farmers-cutting-nethers-exoticism-1.21.1-1.0.jar" [locator: {mods folder locator at C:\Users\gushi\AppData\Roaming\PrismLauncher\instances\1.21.1\minecraft\mods}, reader: mod manifest]
[27Sep2026 15:20:00.940] [main/INFO] [net.neoforged.fml.loading.moddiscovery.ModDiscoverer/SCAN]: Found mod file "farmers-cutting-regions-unexplored-1.21.1-1.1b-neoforge.jar" [locator: {mods folder locator at C:\Users\gushi\AppData\Roaming\PrismLauncher\instances\1.21.1\minecraft\mods}, reader: mod manifest]
[27Sep2026 15:20:00.944] [main/INFO] [net.neoforged.fml.loading.moddiscovery.ModDiscoverer/SCAN]: Found mod file "FarmersDelight-1.21.1-1.3.4.jar" [locator: {mods folder locator at C:\Users\gushi\AppData\Roaming\PrismLauncher\instances\1.21.1\minecraft\mods}, reader: mod manifest]
[27Sep2026 15:20:00.951] [main/INFO] [net.neoforged.fml.loading.moddiscovery.ModDiscoverer/SCAN]: Found mod file "ferritecore-7.0.3-neoforge.jar" [locator: {mods folder locator at C:\Users\gushi\AppData\Roaming\PrismLauncher\instances\1.21.1\minecraft\mods}, reader: mod manifest]
[27Sep2026 15:20:00.954] [main/INFO] [net.neoforged.fml.loading.moddiscovery.ModDiscoverer/SCAN]: Found mod file "geckolib-neoforge-1.21.1-4.9.3.jar" [locator: {mods folder locator at C:\Users\gushi\AppData\Roaming\PrismLauncher\instances\1.21.1\minecraft\mods}, reader: mod manifest]
[27Sep2026 15:20:00.958] [main/INFO] [net.neoforged.fml.loading.moddiscovery.ModDiscoverer/SCAN]: Found mod file "InventoryProfilesNext-neoforge-1.21.1-2.2.5.jar" [locator: {mods folder locator at C:\Users\gushi\AppData\Roaming\PrismLauncher\instances\1.21.1\minecraft\mods}, reader: mod manifest]
[27Sep2026 15:20:00.962] [main/INFO] [net.neoforged.fml.loading.moddiscovery.ModDiscoverer/SCAN]: Found mod file "iris-neoforge-1.8.14-beta.1+mc1.21.1.jar" [locator: {mods folder locator at C:\Users\gushi\AppData\Roaming\PrismLauncher\instances\1.21.1\minecraft\mods}, reader: mod manifest]
[27Sep2026 15:20:00.966] [main/INFO] [net.neoforged.fml.loading.moddiscovery.ModDiscoverer/SCAN]: Found mod file "jei-1.21.1-neoforge-19.57.0.449.jar" [locator: {mods folder locator at C:\Users\gushi\AppData\Roaming\PrismLauncher\instances\1.21.1\minecraft\mods}, reader: mod manifest]
[27Sep2026 15:20:00.970] [main/INFO] [net.neoforged.fml.loading.moddiscovery.ModDiscoverer/SCAN]: Found library file "kotlinforforge-5.12.0-all.jar" [locator: {mods folder locator at C:\Users\gushi\AppData\Roaming\PrismLauncher\instances\1.21.1\minecraft\mods}, reader: mod manifest]
[27Sep2026 15:20:00.974] [main/INFO] [net.neoforged.fml.loading.moddiscovery.ModDiscoverer/SCAN]: Found mod file "L_Ender's Cataclysm 1.21.1-3.33.jar" [locator: {mods folder locator at C:\Users\gushi\AppData\Roaming\PrismLauncher\instances\1.21.1\minecraft\mods}, reader: mod manifest]
[27Sep2026 15:20:00.978] [main/INFO] [net.neoforged.fml.loading.moddiscovery.ModDiscoverer/SCAN]: Found mod file "lavafishing-1.21.1-1.2.13-all.jar" [locator: {mods folder locator at C:\Users\gushi\AppData\Roaming\PrismLauncher\instances\1.21.1\minecraft\mods}, reader: mod manifest]
[27Sep2026 15:20:00.981] [main/INFO] [net.neoforged.fml.loading.moddiscovery.ModDiscoverer/SCAN]: Found mod file "libIPN-neoforge-1.21.1-6.6.3.jar" [locator: {mods folder locator at C:\Users\gushi\AppData\Roaming\PrismLauncher\instances\1.21.1\minecraft\mods}, reader: mod manifest]
[27Sep2026 15:20:00.985] [main/INFO] [net.neoforged.fml.loading.moddiscovery.ModDiscoverer/SCAN]: Found mod file "lionfishapi-3.1.jar" [locator: {mods folder locator at C:\Users\gushi\AppData\Roaming\PrismLauncher\instances\1.21.1\minecraft\mods}, reader: mod manifest]
[27Sep2026 15:20:00.988] [main/INFO] [net.neoforged.fml.loading.moddiscovery.ModDiscoverer/SCAN]: Found mod file "lithostitched-1.8.0-neoforge-21.1.jar" [locator: {mods folder locator at C:\Users\gushi\AppData\Roaming\PrismLauncher\instances\1.21.1\minecraft\mods}, reader: mod manifest]
[27Sep2026 15:20:00.993] [main/INFO] [net.neoforged.fml.loading.moddiscovery.ModDiscoverer/SCAN]: Found mod file "modernfix-neoforge-5.27.24+mc1.21.1.jar" [locator: {mods folder locator at C:\Users\gushi\AppData\Roaming\PrismLauncher\instances\1.21.1\minecraft\mods}, reader: mod manifest]
[27Sep2026 15:20:00.996] [main/INFO] [net.neoforged.fml.loading.moddiscovery.ModDiscoverer/SCAN]: Found mod file "MoogsEndStructures-universal-1.21-2.1.1.jar" [locator: {mods folder locator at C:\Users\gushi\AppData\Roaming\PrismLauncher\instances\1.21.1\minecraft\mods}, reader: mod manifest]
[27Sep2026 15:20:00.999] [main/INFO] [net.neoforged.fml.loading.moddiscovery.ModDiscoverer/SCAN]: Found mod file "MoogsMineshaftsReimagined-1.21-1.0.3.jar" [locator: {mods folder locator at C:\Users\gushi\AppData\Roaming\PrismLauncher\instances\1.21.1\minecraft\mods}, reader: mod manifest]
[27Sep2026 15:20:01.002] [main/INFO] [net.neoforged.fml.loading.moddiscovery.ModDiscoverer/SCAN]: Found mod file "MoogsMissingVillages-universal-1.21-2.2.0.jar" [locator: {mods folder locator at C:\Users\gushi\AppData\Roaming\PrismLauncher\instances\1.21.1\minecraft\mods}, reader: mod manifest]
[27Sep2026 15:20:01.004] [main/INFO] [net.neoforged.fml.loading.moddiscovery.ModDiscoverer/SCAN]: Found mod file "MoogsNetherStructures-universal-1.21-3.1.1.jar" [locator: {mods folder locator at C:\Users\gushi\AppData\Roaming\PrismLauncher\instances\1.21.1\minecraft\mods}, reader: mod manifest]
[27Sep2026 15:20:01.008] [main/INFO] [net.neoforged.fml.loading.moddiscovery.ModDiscoverer/SCAN]: Found mod file "MoogsOceanStructures-universal-1.21-1.1.1.jar" [locator: {mods folder locator at C:\Users\gushi\AppData\Roaming\PrismLauncher\instances\1.21.1\minecraft\mods}, reader: mod manifest]
[27Sep2026 15:20:01.010] [main/INFO] [net.neoforged.fml.loading.moddiscovery.ModDiscoverer/SCAN]: Found mod file "MoogsSoaringStructures-universal-1.21-2.2.0.jar" [locator: {mods folder locator at C:\Users\gushi\AppData\Roaming\PrismLauncher\instances\1.21.1\minecraft\mods}, reader: mod manifest]
[27Sep2026 15:20:01.014] [main/INFO] [net.neoforged.fml.loading.moddiscovery.ModDiscoverer/SCAN]: Found mod file "MoogsStructureLib-neoforge-1.21.1-3.3.1.jar" [locator: {mods folder locator at C:\Users\gushi\AppData\Roaming\PrismLauncher\instances\1.21.1\minecraft\mods}, reader: mod manifest]
[27Sep2026 15:20:01.017] [main/INFO] [net.neoforged.fml.loading.moddiscovery.ModDiscoverer/SCAN]: Found mod file "MoogsTemplesReimagined-universal-1.21-2.0.4.jar" [locator: {mods folder locator at C:\Users\gushi\AppData\Roaming\PrismLauncher\instances\1.21.1\minecraft\mods}, reader: mod manifest]
[27Sep2026 15:20:01.020] [main/INFO] [net.neoforged.fml.loading.moddiscovery.ModDiscoverer/SCAN]: Found mod file "MoogsVoyagerStructures-universal-1.21-5.1.3.jar" [locator: {mods folder locator at C:\Users\gushi\AppData\Roaming\PrismLauncher\instances\1.21.1\minecraft\mods}, reader: mod manifest]
[27Sep2026 15:20:01.022] [main/INFO] [net.neoforged.fml.loading.moddiscovery.ModDiscoverer/SCAN]: Found mod file "moonlight-1.21.1-3.6.9-neoforge.jar" [locator: {mods folder locator at C:\Users\gushi\AppData\Roaming\PrismLauncher\instances\1.21.1\minecraft\mods}, reader: mod manifest]
[27Sep2026 15:20:01.025] [main/INFO] [net.neoforged.fml.loading.moddiscovery.ModDiscoverer/SCAN]: Found mod file "MyNethersDelight-1.21.1-1.10.4.1.jar" [locator: {mods folder locator at C:\Users\gushi\AppData\Roaming\PrismLauncher\instances\1.21.1\minecraft\mods}, reader: mod manifest]
[27Sep2026 15:20:01.029] [main/INFO] [net.neoforged.fml.loading.moddiscovery.ModDiscoverer/SCAN]: Found mod file "nether-s-exoticism-1.21.1-1.2.9.jar" [locator: {mods folder locator at C:\Users\gushi\AppData\Roaming\PrismLauncher\instances\1.21.1\minecraft\mods}, reader: mod manifest]
[27Sep2026 15:20:01.032] [main/INFO] [net.neoforged.fml.loading.moddiscovery.ModDiscoverer/SCAN]: Found mod file "oceansdelight-neoforge-1.0.4-1.21.1.jar" [locator: {mods folder locator at C:\Users\gushi\AppData\Roaming\PrismLauncher\instances\1.21.1\minecraft\mods}, reader: mod manifest]
[27Sep2026 15:20:01.035] [main/INFO] [net.neoforged.fml.loading.moddiscovery.ModDiscoverer/SCAN]: Found mod file "owo-lib-neoforge-0.12.15.5-beta.1+1.21.jar" [locator: {mods folder locator at C:\Users\gushi\AppData\Roaming\PrismLauncher\instances\1.21.1\minecraft\mods}, reader: mod manifest]
[27Sep2026 15:20:01.038] [main/INFO] [net.neoforged.fml.loading.moddiscovery.ModDiscoverer/SCAN]: Found mod file "pale-garden-remastered-v1.3.4.jar" [locator: {mods folder locator at C:\Users\gushi\AppData\Roaming\PrismLauncher\instances\1.21.1\minecraft\mods}, reader: mod manifest]
[27Sep2026 15:20:01.040] [main/INFO] [net.neoforged.fml.loading.moddiscovery.ModDiscoverer/SCAN]: Found mod file "PickUpNotifier-v21.1.1-1.21.1-NeoForge.jar" [locator: {mods folder locator at C:\Users\gushi\AppData\Roaming\PrismLauncher\instances\1.21.1\minecraft\mods}, reader: mod manifest]
[27Sep2026 15:20:01.043] [main/INFO] [net.neoforged.fml.loading.moddiscovery.ModDiscoverer/SCAN]: Found mod file "PuzzlesLib-v21.1.60-mc1.21.1-NeoForge.jar" [locator: {mods folder locator at C:\Users\gushi\AppData\Roaming\PrismLauncher\instances\1.21.1\minecraft\mods}, reader: mod manifest]
[27Sep2026 15:20:01.046] [main/INFO] [net.neoforged.fml.loading.moddiscovery.ModDiscoverer/SCAN]: Found mod file "questborne-neoforge-1.1.0.jar" [locator: {mods folder locator at C:\Users\gushi\AppData\Roaming\PrismLauncher\instances\1.21.1\minecraft\mods}, reader: mod manifest]
[27Sep2026 15:20:01.052] [main/INFO] [net.neoforged.fml.loading.moddiscovery.ModDiscoverer/SCAN]: Found mod file "regions-unexplored-0.6.2-neoforge-21.1.jar" [locator: {mods folder locator at C:\Users\gushi\AppData\Roaming\PrismLauncher\instances\1.21.1\minecraft\mods}, reader: mod manifest]
[27Sep2026 15:20:01.054] [main/INFO] [net.neoforged.fml.loading.moddiscovery.ModDiscoverer/SCAN]: Found mod file "rhino-2101.2.8-build.91.jar" [locator: {mods folder locator at C:\Users\gushi\AppData\Roaming\PrismLauncher\instances\1.21.1\minecraft\mods}, reader: mod manifest]
[27Sep2026 15:20:01.056] [main/INFO] [net.neoforged.fml.loading.moddiscovery.ModDiscoverer/SCAN]: Found mod file "SlotCycler-v21.1.1-1.21.1-NeoForge.jar" [locator: {mods folder locator at C:\Users\gushi\AppData\Roaming\PrismLauncher\instances\1.21.1\minecraft\mods}, reader: mod manifest]
[27Sep2026 15:20:01.059] [main/INFO] [net.neoforged.fml.loading.moddiscovery.ModDiscoverer/SCAN]: Found mod file "TerraBlender-neoforge-1.21.1-4.1.0.8.jar" [locator: {mods folder locator at C:\Users\gushi\AppData\Roaming\PrismLauncher\instances\1.21.1\minecraft\mods}, reader: mod manifest]
[27Sep2026 15:20:01.062] [main/INFO] [net.neoforged.fml.loading.moddiscovery.ModDiscoverer/SCAN]: Found mod file "xaerominimap-neoforge-1.21.1-26.5.0.jar" [locator: {mods folder locator at C:\Users\gushi\AppData\Roaming\PrismLauncher\instances\1.21.1\minecraft\mods}, reader: mod manifest]
[27Sep2026 15:20:01.065] [main/INFO] [net.neoforged.fml.loading.moddiscovery.ModDiscoverer/SCAN]: Found mod file "xaeroworldmap-neoforge-1.21.1-1.46.0.jar" [locator: {mods folder locator at C:\Users\gushi\AppData\Roaming\PrismLauncher\instances\1.21.1\minecraft\mods}, reader: mod manifest]
[27Sep2026 15:20:01.460] [main/WARN] [net.neoforged.jarjar.selection.JarSelector/]: Attempted to select a dependency jar for JarJar which was passed in as source: fabric_renderer_api_v1. Using Mod File: 
[27Sep2026 15:20:01.460] [main/WARN] [net.neoforged.jarjar.selection.JarSelector/]: Attempted to select a dependency jar for JarJar which was passed in as source: fabric_api_base. Using Mod File: 
[27Sep2026 15:20:01.460] [main/WARN] [net.neoforged.jarjar.selection.JarSelector/]: Attempted to select a dependency jar for JarJar which was passed in as source: fabric_block_view_api_v2. Using Mod File: 
[27Sep2026 15:20:01.460] [main/WARN] [net.neoforged.jarjar.selection.JarSelector/]: Attempted to select a dependency jar for JarJar which was passed in as source: fabric_rendering_data_attachment_v1. Using Mod File: 
[27Sep2026 15:20:01.460] [main/INFO] [net.neoforged.fml.loading.moddiscovery.locators.JarInJarDependencyLocator/]: Found 28 dependencies adding them to mods collection
[27Sep2026 15:20:01.460] [main/INFO] [net.neoforged.fml.loading.moddiscovery.ModDiscoverer/SCAN]: Found gamelibrary file "mixinextras-neoforge-0.5.3.jar" [parent: neoforge-21.1.249-universal.jar, locator: jarinjar, reader: mod manifest]
[27Sep2026 15:20:01.460] [main/INFO] [net.neoforged.fml.loading.moddiscovery.ModDiscoverer/SCAN]: Found mod file "kuma-api-neoforge-21.0.8+1.21.jar" [parent: balm-neoforge-1.21.1-21.0.66.jar, locator: jarinjar, reader: mod manifest]
[27Sep2026 15:20:01.460] [main/INFO] [net.neoforged.fml.loading.moddiscovery.ModDiscoverer/SCAN]: Found library file "gson-0.1.5.1.jar" [parent: owo-lib-neoforge-0.12.15.5-beta.1+1.21.jar, locator: jarinjar]
[27Sep2026 15:20:01.460] [main/INFO] [net.neoforged.fml.loading.moddiscovery.ModDiscoverer/SCAN]: Found mod file "codecui-neoforge-1.21.1-1.4.5.jar" [parent: moonlight-1.21.1-3.6.9-neoforge.jar, locator: jarinjar, reader: mod manifest]
[27Sep2026 15:20:01.460] [main/INFO] [net.neoforged.fml.loading.moddiscovery.ModDiscoverer/SCAN]: Found library file "jankson-0.1.5.1.jar" [parent: owo-lib-neoforge-0.12.15.5-beta.1+1.21.jar, locator: jarinjar]
[27Sep2026 15:20:01.460] [main/INFO] [net.neoforged.fml.loading.moddiscovery.ModDiscoverer/SCAN]: Found library file "json5-java-3.0.0.jar" [parent: regions-unexplored-0.6.2-neoforge-21.1.jar, locator: jarinjar]
[27Sep2026 15:20:01.460] [main/INFO] [net.neoforged.fml.loading.moddiscovery.ModDiscoverer/SCAN]: Found library file "net.neoforged.neoforge-coremods-21.1.249.jar" [parent: neoforge-21.1.249-universal.jar, locator: jarinjar, reader: mod manifest]
[27Sep2026 15:20:01.460] [main/INFO] [net.neoforged.fml.loading.moddiscovery.ModDiscoverer/SCAN]: Found library file "thedarkcolour.kfflang-5.12.0.jar" [parent: kotlinforforge-5.12.0-all.jar, locator: jarinjar, reader: mod manifest]
[27Sep2026 15:20:01.461] [main/INFO] [net.neoforged.fml.loading.moddiscovery.ModDiscoverer/SCAN]: Found mod file "xaerolib-neoforge-1.21.1-1.7.3.jar" [parent: xaerominimap-neoforge-1.21.1-26.5.0.jar, locator: jarinjar, reader: mod manifest]
[27Sep2026 15:20:01.461] [main/INFO] [net.neoforged.fml.loading.moddiscovery.ModDiscoverer/SCAN]: Found gamelibrary file "thedarkcolour.kfflib-5.12.0.jar" [parent: kotlinforforge-5.12.0-all.jar, locator: jarinjar, reader: mod manifest]
[27Sep2026 15:20:01.461] [main/INFO] [net.neoforged.fml.loading.moddiscovery.ModDiscoverer/SCAN]: Found library file "jcpp-1.4.14.jar" [parent: iris-neoforge-1.8.14-beta.1+mc1.21.1.jar, locator: jarinjar]
[27Sep2026 15:20:01.461] [main/INFO] [net.neoforged.fml.loading.moddiscovery.ModDiscoverer/SCAN]: Found library file "glsl-transformer-3.0.0-pre3.jar" [parent: iris-neoforge-1.8.14-beta.1+mc1.21.1.jar, locator: jarinjar]
[27Sep2026 15:20:01.461] [main/INFO] [net.neoforged.fml.loading.moddiscovery.ModDiscoverer/SCAN]: Found mod file "apollib-1.2.0-neoforge-21.1.jar" [parent: lithostitched-1.8.0-neoforge-21.1.jar, locator: jarinjar, reader: mod manifest]
[27Sep2026 15:20:01.461] [main/INFO] [net.neoforged.fml.loading.moddiscovery.ModDiscoverer/SCAN]: Found mod file "hotbarslotcycling-neoforge-21.1.1.jar" [parent: SlotCycler-v21.1.1-1.21.1-NeoForge.jar, locator: jarinjar, reader: mod manifest]
[27Sep2026 15:20:01.461] [main/INFO] [net.neoforged.fml.loading.moddiscovery.ModDiscoverer/SCAN]: Found mod file "thedarkcolour.kffmod-5.12.0.jar" [parent: kotlinforforge-5.12.0-all.jar, locator: jarinjar, reader: mod manifest]
[27Sep2026 15:20:01.461] [main/INFO] [net.neoforged.fml.loading.moddiscovery.ModDiscoverer/SCAN]: Found library file "kotlin-stdlib-2.4.0.jar" [parent: kotlinforforge-5.12.0-all.jar, locator: jarinjar]
[27Sep2026 15:20:01.461] [main/INFO] [net.neoforged.fml.loading.moddiscovery.ModDiscoverer/SCAN]: Found library file "kotlin-reflect-2.4.0.jar" [parent: kotlinforforge-5.12.0-all.jar, locator: jarinjar]
[27Sep2026 15:20:01.461] [main/INFO] [net.neoforged.fml.loading.moddiscovery.ModDiscoverer/SCAN]: Found library file "netty-0.1.4.1.jar" [parent: owo-lib-neoforge-0.12.15.5-beta.1+1.21.jar, locator: jarinjar]
[27Sep2026 15:20:01.461] [main/INFO] [net.neoforged.fml.loading.moddiscovery.ModDiscoverer/SCAN]: Found library file "kotlinx-coroutines-core-jvm-1.11.0.jar" [parent: kotlinforforge-5.12.0-all.jar, locator: jarinjar]
[27Sep2026 15:20:01.461] [main/INFO] [net.neoforged.fml.loading.moddiscovery.ModDiscoverer/SCAN]: Found library file "endec-0.1.8.1.jar" [parent: owo-lib-neoforge-0.12.15.5-beta.1+1.21.jar, locator: jarinjar]
[27Sep2026 15:20:01.461] [main/INFO] [net.neoforged.fml.loading.moddiscovery.ModDiscoverer/SCAN]: Found library file "kotlinx-coroutines-jdk8-1.11.0.jar" [parent: kotlinforforge-5.12.0-all.jar, locator: jarinjar]
[27Sep2026 15:20:01.461] [main/INFO] [net.neoforged.fml.loading.moddiscovery.ModDiscoverer/SCAN]: Found library file "kotlin-stdlib-jdk7-2.4.0.jar" [parent: kotlinforforge-5.12.0-all.jar, locator: jarinjar]
[27Sep2026 15:20:01.461] [main/INFO] [net.neoforged.fml.loading.moddiscovery.ModDiscoverer/SCAN]: Found library file "kotlin-stdlib-jdk8-2.4.0.jar" [parent: kotlinforforge-5.12.0-all.jar, locator: jarinjar]
[27Sep2026 15:20:01.461] [main/INFO] [net.neoforged.fml.loading.moddiscovery.ModDiscoverer/SCAN]: Found library file "kotlinx-serialization-core-jvm-1.11.0.jar" [parent: kotlinforforge-5.12.0-all.jar, locator: jarinjar]
[27Sep2026 15:20:01.462] [main/INFO] [net.neoforged.fml.loading.moddiscovery.ModDiscoverer/SCAN]: Found mod file "expandability-neoforge-12.0.0.jar" [parent: artifacts-neoforge-13.2.5.jar, locator: jarinjar, reader: mod manifest]
[27Sep2026 15:20:01.462] [main/INFO] [net.neoforged.fml.loading.moddiscovery.ModDiscoverer/SCAN]: Found library file "kotlinx-serialization-json-jvm-1.11.0.jar" [parent: kotlinforforge-5.12.0-all.jar, locator: jarinjar]
[27Sep2026 15:20:01.462] [main/INFO] [net.neoforged.fml.loading.moddiscovery.ModDiscoverer/SCAN]: Found mod file "mezz_config-1.21.1-neoforge-0.5.12.jar" [parent: jei-1.21.1-neoforge-19.57.0.449.jar, locator: jarinjar, reader: mod manifest]
[27Sep2026 15:20:01.462] [main/INFO] [net.neoforged.fml.loading.moddiscovery.ModDiscoverer/SCAN]: Found library file "jankson-1.2.2.jar" [parent: owo-lib-neoforge-0.12.15.5-beta.1+1.21.jar, locator: jarinjar]
[27Sep2026 15:20:01.464] [main/INFO] [net.neoforged.fml.loading.moddiscovery.ModDiscoverer/]: 
     Mod List:
		Name Version (Mod Id)

		1.21.2 Bundle Recipe Backport 1.01 (mr_1212_bundlerecipe)
		Alex's Mobs Continued 2.2.2 (alexsmobs)
		Alex's Mobs Continued Delight 1.0.1 (amcdelight)
		Alex's Mobs Extra Music 1.1.0 (alexs_mobs_extra_music)
		Apollib 1.2.0 (apollib)
		AppleSkin 3.0.9+mc1.21 (appleskin)
		Aquaculture 2 2.7.21 (aquaculture)
		Architectury 13.0.11 (architectury)
		Artifacts 13.2.5 (artifacts)
		Autumnity 6.0.1 (autumnity)
		Back with the Bundle 1.0.0-rc.1 (backwiththebundle)
		Balm 21.0.66 (balm)
		Better Advanced Tooltips 2101.1.0-build.5 (betteradvancedtooltips)
		Blueprint 8.2.0 (blueprint)
		Chefs Delight 1.0.5 (chefsdelight)
		Citadel 2.7.6 (citadel)
		CodecUI 1.21.1-1.4.5 (codecui)
		CodxLib 1.6.1 (codxlib)
		CreativeCore 2.13.48 (creativecore)
		Curios API 9.5.1+1.21.1 (curios)
		Distant Horizons 3.3.2 (distanthorizons)
		Dragon Mounts Remastered 1.9.2 (dmr)
		End's Delight 2.6.1+neoforge.1.21.1 (ends_delight)
		ExpandAbility 12.0.0 (expandability)
		Farmer's Cutting: Nether's Exoticism 1.21.1-1.0 (mr_farmers_cuttingnethersexoticism)
		Farmer's Cutting: Regions Unexplored 1.21.1-1.1b-neoforge (mr_farmers_cuttingregionsunexplored)
		Farmer's Delight 1.3.4 (farmersdelight)
		Ferrite Core 7.0.3 (ferritecore)
		Forgified Fabric API Base 0.4.42+d1308ded19 (fabric_api_base)
		Forgified Fabric BlockView API (v2) 1.0.10+9afaaf8c19 (fabric_block_view_api_v2)
		Forgified Fabric Renderer API (v1) 3.4.1+9125b6dc19 (fabric_renderer_api_v1)
		Forgified Fabric Rendering Data Attachment (v1) 0.3.48+73761d2e19 (fabric_rendering_data_attachment_v1)
		GeckoLib 4 4.9.3 (geckolib)
		Hotbar Slot Cycling 21.1.1 (hotbarslotcycling)
		Inventory Profiles Next 2.2.5 (inventoryprofilesnext)
		Iris 1.8.14-beta.1+mc1.21.1 (iris)
		Just Enough Items 19.57.0.449 (jei)
		Kotlin For Forge 5.12.0 (kotlinforforge)
		KumaAPI 21.0.8 (kuma_api)
		L_Ender's Cataclysm 1.21.1 3.33 (cataclysm)
		Lava Fishing 1.2.13 (lavafishing)
		libIPN 6.6.3 (libipn)
		lionfishapi 3.1 (lionfishapi)
		Lithostitched 1.8.0 (lithostitched)
		MCG's Questborne 1.1.0 (questborne)
		MezzConfig 0.5.12 (mezz_config)
		Minecraft 1.21.1 (minecraft)
		ModernFix 5.27.24+mc1.21.1 (modernfix)
		Moog's Structure Lib 3.3.1 (moogs_structures)
		MoogsEndStructures 2.1.1 (mes)
		MoogsMineshaftsReimagined 1.0.3 (mmr)
		MoogsMissingVillages 2.2.0 (mmv)
		MoogsNetherStructures 3.1.1 (mns)
		MoogsOceanStructures 1.1.1 (mos)
		MoogsSoaringStructures 2.2.0 (mss)
		MoogsTemplesReimagined 2.0.4 (mtr)
		MoogsVoyagerStructures 5.1.3 (mvs)
		Moonlight Lib 1.21.1-3.6.9 (moonlight)
		My Nether's Delight 1.10.4.1 (mynethersdelight)
		NeoForge 21.1.249 (neoforge)
		Nether's Exoticism 1.2.9 (nethers_exoticism)
		Ocean's Delight 1.0.4 (oceansdelight)
		oωo 0.12.15.5-beta.1+1.21 (owo)
		Pick Up Notifier 21.1.1 (pickupnotifier)
		Puzzles Lib 21.1.60 (puzzleslib)
		Regions Unexplored 0.6.2 (regions_unexplored)
		Rhino 2101.2.8-build.91 (rhino)
		Slot Cycler 21.1.1 (slotcycler)
		Sodium 0.8.13+mc1.21.1 (sodium)
		TerraBlender 4.1.0.8 (terrablender)
		The Pale Garden Remastered 1-v1.3.4 (mr_pale_gardenremastered)
		Xaero's Minimap 26.5.0 (xaerominimap)
		Xaero's World Map 1.46.0 (xaeroworldmap)
		XaeroLib 1.7.3 (xaerolib)
[27Sep2026 15:20:01.793] [main/INFO] [net.neoforged.fml.loading.FMLServiceProvider/CORE]: Loading coremod script-engine for [xaeroworldmap, xaerominimap]
[27Sep2026 15:20:02.794] [main/INFO] [mixin/]: Compatibility level set to JAVA_17
[27Sep2026 15:20:02.796] [main/INFO] [mixin/]: Compatibility level set to JAVA_21
[27Sep2026 15:20:02.858] [main/INFO] [cpw.mods.modlauncher.LaunchServiceHandler/MODLAUNCHER]: Launching target 'forgeclient' with arguments [--version, 1.21.1, --gameDir, C:\Users\gushi\AppData\Roaming\PrismLauncher\instances\1.21.1\minecraft, --assetsDir, C:\Users\gushi\AppData\Roaming\PrismLauncher\assets, --uuid, 8739cdbcfe66483fb5adfe38796c4d47, --username, ahobakachan, --assetIndex, 17, --accessToken, ❄❄❄❄❄❄❄❄, --userType, msa, --versionType, release, --width, 854, --height, 480]
[27Sep2026 15:20:02.885] [main/WARN] [mixin/]: Reference map 'kuma_api.refmap.json' for kuma_api.mixins.json could not be read. If this is a development environment you can ignore this message
[27Sep2026 15:20:02.886] [main/WARN] [mixin/]: Reference map 'geckolib.refmap.json' for geckolib.mixins.json could not be read. If this is a development environment you can ignore this message
[27Sep2026 15:20:02.890] [main/WARN] [mixin/]: Reference map 'xaerolib.refmap.json' for xaerolib.mixins.json could not be read. If this is a development environment you can ignore this message
[27Sep2026 15:20:02.891] [main/WARN] [mixin/]: Reference map 'xaeroworldmap.refmap.json' for xaeroworldmap.mixins.json could not be read. If this is a development environment you can ignore this message
[27Sep2026 15:20:02.996] [main/INFO] [ModernFix/]: Loaded configuration file for ModernFix 5.27.24+mc1.21.1: 89 options available, 0 override(s) found
[27Sep2026 15:20:02.997] [main/INFO] [ModernFix/]: Applying Nashorn fix
[27Sep2026 15:20:02.998] [main/INFO] [ModernFix/]: Configuring Minecraft's max.bg.threads option with 13 threads
[27Sep2026 15:20:03.001] [main/WARN] [mixin/]: Reference map 'citadel.refmap.json' for citadel.mixins.json could not be read. If this is a development environment you can ignore this message
[27Sep2026 15:20:03.004] [main/WARN] [mixin/]: Reference map 'iris.refmap.json' for mixins.iris.json could not be read. If this is a development environment you can ignore this message
[27Sep2026 15:20:03.005] [main/WARN] [mixin/]: Reference map 'iris.refmap.json' for mixins.iris.fantastic.json could not be read. If this is a development environment you can ignore this message
[27Sep2026 15:20:03.005] [main/WARN] [mixin/]: Reference map 'iris.refmap.json' for mixins.iris.vertexformat.json could not be read. If this is a development environment you can ignore this message
[27Sep2026 15:20:03.005] [main/WARN] [mixin/]: Reference map 'iris.refmap.json' for iris-batched-entity-rendering.mixins.json could not be read. If this is a development environment you can ignore this message
[27Sep2026 15:20:03.005] [main/WARN] [mixin/]: Reference map 'iris.refmap.json' for mixins.iris.compat.sodium.json could not be read. If this is a development environment you can ignore this message
[27Sep2026 15:20:03.015] [main/WARN] [mixin/]: Reference map 'balm.refmap.json' for balm.mixins.json could not be read. If this is a development environment you can ignore this message
[27Sep2026 15:20:03.030] [main/INFO] [Sodium/]: Loaded configuration file for Sodium: 45 options available, 1 override(s) found
[27Sep2026 15:20:03.032] [main/WARN] [mixin/]: Reference map 'blueprint.refmap.json' for blueprint.mixins.json could not be read. If this is a development environment you can ignore this message
[27Sep2026 15:20:03.032] [main/WARN] [mixin/]: Reference map 'terrablender.refmap.json' for terrablender.mixins.json could not be read. If this is a development environment you can ignore this message
[27Sep2026 15:20:03.033] [main/WARN] [mixin/]: Reference map 'terrablender.refmap.json' for terrablender_neoforge.mixins.json could not be read. If this is a development environment you can ignore this message
[27Sep2026 15:20:03.034] [main/WARN] [mixin/]: Reference map '${mod_id}.refmap.json' for regions_unexplored.mixins.json could not be read. If this is a development environment you can ignore this message
[27Sep2026 15:20:03.035] [main/WARN] [mixin/]: Reference map '${mod_id}.refmap.json' for regions_unexplored.neoforge.mixins.json could not be read. If this is a development environment you can ignore this message
[27Sep2026 15:20:03.035] [main/WARN] [mixin/]: Reference map 'creativecore.mixins.refmap.json' for creativecore.mixins.json could not be read. If this is a development environment you can ignore this message
[27Sep2026 15:20:03.035] [main/WARN] [mixin/]: Reference map 'creativecore.mixins.refmap.json' for creativecore.forge.mixins.json could not be read. If this is a development environment you can ignore this message
[27Sep2026 15:20:03.036] [main/WARN] [mixin/]: Reference map 'lionfishapi.refmap.json' for lionfishapi.mixins.json could not be read. If this is a development environment you can ignore this message
[27Sep2026 15:20:03.036] [main/WARN] [mixin/]: Reference map 'cataclysm.refmap.json' for cataclysm.mixins.json could not be read. If this is a development environment you can ignore this message
[27Sep2026 15:20:03.036] [main/WARN] [mixin/]: Reference map 'curios.refmap.json' for curios.neoforge.mixins.json could not be read. If this is a development environment you can ignore this message
[27Sep2026 15:20:03.037] [main/WARN] [mixin/]: Reference map 'curios.refmap.json' for curios.mixins.json could not be read. If this is a development environment you can ignore this message
[27Sep2026 15:20:03.037] [main/WARN] [mixin/]: Reference map 'xaerominimap.refmap.json' for xaerohud.mixins.json could not be read. If this is a development environment you can ignore this message
[27Sep2026 15:20:03.037] [main/WARN] [mixin/]: Reference map 'xaerominimap.refmap.json' for xaerominimap.mixins.json could not be read. If this is a development environment you can ignore this message
[27Sep2026 15:20:03.038] [main/WARN] [mixin/]: Reference map 'autumnity.refmap.json' for autumnity.mixins.json could not be read. If this is a development environment you can ignore this message
[27Sep2026 15:20:03.042] [main/WARN] [mixin/]: Reference map 'ipnext.refmap.json' for mixins.ipnext.json could not be read. If this is a development environment you can ignore this message
[27Sep2026 15:20:03.072] [main/WARN] [mixin/]: Reference map '${refmap_target}refmap.json' for ferritecore.predicates.mixin.json could not be read. If this is a development environment you can ignore this message
[27Sep2026 15:20:03.072] [main/WARN] [mixin/]: Reference map '${refmap_target}refmap.json' for ferritecore.fastmap.mixin.json could not be read. If this is a development environment you can ignore this message
[27Sep2026 15:20:03.073] [main/WARN] [mixin/]: Reference map '${refmap_target}refmap.json' for ferritecore.mrl.mixin.json could not be read. If this is a development environment you can ignore this message
[27Sep2026 15:20:03.074] [main/WARN] [mixin/]: Reference map '${refmap_target}refmap.json' for ferritecore.dedupmultipart.mixin.json could not be read. If this is a development environment you can ignore this message
[27Sep2026 15:20:03.075] [main/WARN] [mixin/]: Reference map '${refmap_target}refmap.json' for ferritecore.blockstatecache.mixin.json could not be read. If this is a development environment you can ignore this message
[27Sep2026 15:20:03.075] [main/WARN] [mixin/]: Reference map '${refmap_target}refmap.json' for ferritecore.dedupbakedquad.mixin.json could not be read. If this is a development environment you can ignore this message
[27Sep2026 15:20:03.076] [main/WARN] [mixin/]: Reference map '${refmap_target}refmap.json' for ferritecore.threaddetec.mixin.json could not be read. If this is a development environment you can ignore this message
[27Sep2026 15:20:03.077] [main/WARN] [mixin/]: Reference map '${refmap_target}refmap.json' for ferritecore.modelsides.mixin.json could not be read. If this is a development environment you can ignore this message
[27Sep2026 15:20:03.077] [main/WARN] [mixin/]: Reference map '${refmap_target}refmap.json' for ferritecore.datacomponents.mixin.json could not be read. If this is a development environment you can ignore this message
[27Sep2026 15:20:03.078] [main/WARN] [mixin/]: Reference map '${refmap_target}refmap.json' for ferritecore.accessors.mixin.json could not be read. If this is a development environment you can ignore this message
[27Sep2026 15:20:03.081] [main/WARN] [mixin/]: Reference map 'moogs_structures.refmap.json' for moogs_structures-common.mixins.json could not be read. If this is a development environment you can ignore this message
[27Sep2026 15:20:03.841] [main/WARN] [mixin/]: Error loading class: com/portingdeadmods/cable_facades/events/GameClientEvents$2 (java.lang.ClassNotFoundException: com.portingdeadmods.cable_facades.events.GameClientEvents$2)
[27Sep2026 15:20:03.842] [main/WARN] [mixin/]: Error loading class: com/direwolf20/justdirethings/client/renderers/OurRenderTypes (java.lang.ClassNotFoundException: com.direwolf20.justdirethings.client.renderers.OurRenderTypes)
[27Sep2026 15:20:03.843] [main/WARN] [mixin/]: Error loading class: mekanism/client/render/entity/RenderFlame (java.lang.ClassNotFoundException: mekanism.client.render.entity.RenderFlame)
[27Sep2026 15:20:03.845] [main/WARN] [mixin/]: Error loading class: mekanism/client/render/armor/MekaSuitArmor (java.lang.ClassNotFoundException: mekanism.client.render.armor.MekaSuitArmor)
[27Sep2026 15:20:03.845] [main/WARN] [mixin/]: Error loading class: mekanism/client/render/lib/effect/BillboardingEffectRenderer (java.lang.ClassNotFoundException: mekanism.client.render.lib.effect.BillboardingEffectRenderer)
[27Sep2026 15:20:03.847] [main/WARN] [mixin/]: Error loading class: blusunrize/immersiveengineering/client/utils/IEGLShaders (java.lang.ClassNotFoundException: blusunrize.immersiveengineering.client.utils.IEGLShaders)
[27Sep2026 15:20:03.848] [main/INFO] [DistantHorizons-DistantHorizons-com.seibel.distanthorizons.common.commonMixins.AbstractDhMixinPlugin/]: Apply DH mixin [com.seibel.distanthorizons.neoforge.mixins.server.MixinChunkGenerator] -> [net.minecraft.world.level.chunk.ChunkGenerator]...
[27Sep2026 15:20:03.848] [main/INFO] [DistantHorizons-DistantHorizons-com.seibel.distanthorizons.common.commonMixins.AbstractDhMixinPlugin/]: Apply DH mixin [com.seibel.distanthorizons.neoforge.mixins.server.MixinChunkMap] -> [net.minecraft.server.level.ChunkMap]...
[27Sep2026 15:20:03.848] [main/INFO] [DistantHorizons-DistantHorizons-com.seibel.distanthorizons.common.commonMixins.AbstractDhMixinPlugin/]: Apply DH mixin [com.seibel.distanthorizons.neoforge.mixins.server.MixinServerPlayer] -> [net.minecraft.server.level.ServerPlayer]...
[27Sep2026 15:20:03.848] [main/INFO] [DistantHorizons-DistantHorizons-com.seibel.distanthorizons.common.commonMixins.AbstractDhMixinPlugin/]: Apply DH mixin [com.seibel.distanthorizons.neoforge.mixins.server.MixinTFChunkGenerator] -> [net.minecraft.world.level.chunk.ChunkGenerator]...
[27Sep2026 15:20:03.848] [main/INFO] [DistantHorizons-DistantHorizons-com.seibel.distanthorizons.common.commonMixins.AbstractDhMixinPlugin/]: Apply DH mixin [com.seibel.distanthorizons.neoforge.mixins.server.MixinTracingExecutor] -> [net.minecraft.Util]...
[27Sep2026 15:20:03.849] [main/INFO] [DistantHorizons-DistantHorizons-com.seibel.distanthorizons.common.commonMixins.AbstractDhMixinPlugin/]: Apply DH mixin [com.seibel.distanthorizons.neoforge.mixins.server.MixinUtilBackgroundThread] -> [net.minecraft.Util]...
[27Sep2026 15:20:03.849] [main/INFO] [DistantHorizons-DistantHorizons-com.seibel.distanthorizons.common.commonMixins.AbstractDhMixinPlugin/]: Apply DH mixin [com.seibel.distanthorizons.neoforge.mixins.server.MixinLevelTicks] -> [net.minecraft.world.entity.Entity]...
[27Sep2026 15:20:03.849] [main/INFO] [DistantHorizons-DistantHorizons-com.seibel.distanthorizons.common.commonMixins.AbstractDhMixinPlugin/]: Apply DH mixin [com.seibel.distanthorizons.neoforge.mixins.client.MixinClientPacketListener] -> [net.minecraft.client.multiplayer.ClientPacketListener]...
[27Sep2026 15:20:03.849] [main/INFO] [DistantHorizons-DistantHorizons-com.seibel.distanthorizons.common.commonMixins.AbstractDhMixinPlugin/]: Apply DH mixin [com.seibel.distanthorizons.neoforge.mixins.client.MixinDebugScreenOverlay] -> [net.minecraft.client.gui.components.DebugScreenOverlay]...
[27Sep2026 15:20:03.849] [main/INFO] [DistantHorizons-DistantHorizons-com.seibel.distanthorizons.common.commonMixins.AbstractDhMixinPlugin/]: Apply DH mixin [com.seibel.distanthorizons.neoforge.mixins.client.MixinFogRenderer] -> [net.minecraft.client.renderer.FogRenderer]...
[27Sep2026 15:20:03.849] [main/INFO] [DistantHorizons-DistantHorizons-com.seibel.distanthorizons.common.commonMixins.AbstractDhMixinPlugin/]: Apply DH mixin [com.seibel.distanthorizons.neoforge.mixins.client.MixinGameRenderer] -> [net.minecraft.world.entity.Entity]...
[27Sep2026 15:20:03.850] [main/INFO] [DistantHorizons-DistantHorizons-com.seibel.distanthorizons.common.commonMixins.AbstractDhMixinPlugin/]: Skip DH mixin [com.seibel.distanthorizons.neoforge.mixins.client.MixinImmersivePortalsRenderStates] -> [qouteall.imm_ptl.core.render.context_management.RenderStates] due to DH logic.
[27Sep2026 15:20:03.851] [main/INFO] [DistantHorizons-DistantHorizons-com.seibel.distanthorizons.common.commonMixins.AbstractDhMixinPlugin/]: Apply DH mixin [com.seibel.distanthorizons.neoforge.mixins.client.MixinIrisFrameBuffer] -> [net.irisshaders.iris.gl.framebuffer.GlFramebuffer]...
[27Sep2026 15:20:03.851] [main/INFO] [DistantHorizons-DistantHorizons-com.seibel.distanthorizons.common.commonMixins.AbstractDhMixinPlugin/]: Apply DH mixin [com.seibel.distanthorizons.neoforge.mixins.client.MixinLevelRenderer] -> [net.minecraft.client.renderer.LevelRenderer]...
[27Sep2026 15:20:03.851] [main/INFO] [DistantHorizons-DistantHorizons-com.seibel.distanthorizons.common.commonMixins.AbstractDhMixinPlugin/]: Apply DH mixin [com.seibel.distanthorizons.neoforge.mixins.client.MixinChunkSectionsToRender] -> [net.minecraft.world.entity.Entity]...
[27Sep2026 15:20:03.851] [main/INFO] [DistantHorizons-DistantHorizons-com.seibel.distanthorizons.common.commonMixins.AbstractDhMixinPlugin/]: Apply DH mixin [com.seibel.distanthorizons.neoforge.mixins.client.MixinLightTexture] -> [net.minecraft.client.renderer.LightTexture]...
[27Sep2026 15:20:03.851] [main/INFO] [DistantHorizons-DistantHorizons-com.seibel.distanthorizons.common.commonMixins.AbstractDhMixinPlugin/]: Apply DH mixin [com.seibel.distanthorizons.neoforge.mixins.client.MixinMinecraft] -> [net.minecraft.client.Minecraft]...
[27Sep2026 15:20:03.852] [main/INFO] [DistantHorizons-DistantHorizons-com.seibel.distanthorizons.common.commonMixins.AbstractDhMixinPlugin/]: Apply DH mixin [com.seibel.distanthorizons.neoforge.mixins.client.MixinOptionsScreen] -> [net.minecraft.client.gui.screens.options.OptionsScreen]...
[27Sep2026 15:20:03.852] [main/INFO] [DistantHorizons-DistantHorizons-com.seibel.distanthorizons.common.commonMixins.AbstractDhMixinPlugin/]: Apply DH mixin [com.seibel.distanthorizons.neoforge.mixins.client.MixinSharedConstants] -> [net.minecraft.world.entity.Entity]...
[27Sep2026 15:20:03.852] [main/INFO] [DistantHorizons-DistantHorizons-com.seibel.distanthorizons.common.commonMixins.AbstractDhMixinPlugin/]: Apply DH mixin [com.seibel.distanthorizons.neoforge.mixins.client.MixinProjectionMatrixBuffer] -> [net.minecraft.world.entity.Entity]...
[27Sep2026 15:20:03.852] [main/INFO] [DistantHorizons-DistantHorizons-com.seibel.distanthorizons.common.commonMixins.AbstractDhMixinPlugin/]: Apply DH mixin [com.seibel.distanthorizons.neoforge.mixins.client.MixinMain] -> [net.minecraft.client.main.Main]...
[27Sep2026 15:20:03.873] [main/WARN] [Sodium/]: Force-disabling mixin 'features.render.world.sky.ClientLevelMixin' as rule 'mixin.features.render.world.sky' (added by mods [iris]) disables it and children
[27Sep2026 15:20:03.874] [main/WARN] [Sodium/]: Force-disabling mixin 'features.render.world.sky.FogRendererMixin' as rule 'mixin.features.render.world.sky' (added by mods [iris]) disables it and children
[27Sep2026 15:20:03.874] [main/WARN] [Sodium/]: Force-disabling mixin 'features.render.world.sky.LevelRendererMixin' as rule 'mixin.features.render.world.sky' (added by mods [iris]) disables it and children
[27Sep2026 15:20:04.022] [main/WARN] [IMixinConfigPlugin/]: Inventory Profiles Next: Doing our own dependency resolving! Because Forge is being Forge....: https://github.com/MinecraftForge/MinecraftForge/issues/9088
[27Sep2026 15:20:04.023] [main/WARN] [mixin/]: Error loading class: dev/isxander/controlify/virtualmouse/VirtualMouseHandler (java.lang.ClassNotFoundException: dev.isxander.controlify.virtualmouse.VirtualMouseHandler)
[27Sep2026 15:20:04.023] [main/WARN] [mixin/]: @Mixin target dev.isxander.controlify.virtualmouse.VirtualMouseHandler was not found mixins.ipnext.json:MixinVirtualMouseHandler from mod inventoryprofilesnext
[27Sep2026 15:20:04.031] [main/WARN] [mixin/]: Error loading class: de/maxhenkel/easyvillagers/blocks/tileentity/TraderTileentityBase (java.lang.ClassNotFoundException: de.maxhenkel.easyvillagers.blocks.tileentity.TraderTileentityBase)
[27Sep2026 15:20:04.031] [main/WARN] [mixin/]: @Mixin target de.maxhenkel.easyvillagers.blocks.tileentity.TraderTileentityBase was not found mixins.ipnext.json:MixinTraderTileEntityBase from mod inventoryprofilesnext
[27Sep2026 15:20:04.101] [main/WARN] [mixin/]: Error loading class: org/jetbrains/annotations/ApiStatus$Internal (java.lang.ClassNotFoundException: org.jetbrains.annotations.ApiStatus$Internal)
[27Sep2026 15:20:04.244] [main/INFO] [MixinExtras|Service/]: Initializing MixinExtras via com.llamalad7.mixinextras.service.MixinExtrasServiceImpl(version=0.5.3).
[27Sep2026 15:20:05.332] [main/WARN] [mixin/]: Method overwrite conflict for getCitadelEntityData in citadel.mixins.json:LivingEntityMixin from mod citadel, previously written by com.github.alexthe666.alexsmobs.mixin.LivingEntityMixin. Skipping method.
[27Sep2026 15:20:05.332] [main/WARN] [mixin/]: Method overwrite conflict for setCitadelEntityData in citadel.mixins.json:LivingEntityMixin from mod citadel, previously written by com.github.alexthe666.alexsmobs.mixin.LivingEntityMixin. Skipping method.
[27Sep2026 15:20:06.054] [Datafixer Bootstrap/INFO] [com.mojang.datafixers.DataFixerBuilder/]: 229 Datafixer optimizations took 333 milliseconds
[27Sep2026 15:20:06.238] [pool-19-thread-1/INFO] [net.minecraft.server.Bootstrap/]: ModernFix reached bootstrap stage (11.13 s after launch)
[27Sep2026 15:20:09.235] [pool-19-thread-1/INFO] [net.minecraft.server.Bootstrap/]: Vanilla bootstrap took 2975 milliseconds
[27Sep2026 15:20:09.742] [Render thread/WARN] [net.minecraft.server.packs.VanillaPackResourcesBuilder/]: Assets URL 'union:/C:/Users/gushi/AppData/Roaming/PrismLauncher/libraries/net/minecraft/client/1.21.1-20240808.144430/client-1.21.1-20240808.144430-srg.jar%23250!/assets/.mcassetsroot' uses unexpected schema
[27Sep2026 15:20:09.744] [Render thread/WARN] [net.minecraft.server.packs.VanillaPackResourcesBuilder/]: Assets URL 'union:/C:/Users/gushi/AppData/Roaming/PrismLauncher/libraries/net/minecraft/client/1.21.1-20240808.144430/client-1.21.1-20240808.144430-srg.jar%23250!/data/.mcassetsroot' uses unexpected schema
[27Sep2026 15:20:09.778] [Render thread/INFO] [com.mojang.authlib.yggdrasil.YggdrasilAuthenticationService/]: Environment: Environment[sessionHost=https://sessionserver.mojang.com, servicesHost=https://api.minecraftservices.com, name=PROD]
[27Sep2026 15:20:09.789] [Render thread/INFO] [net.minecraft.client.Minecraft/]: Setting user: ahobakachan
[27Sep2026 15:20:09.879] [Render thread/INFO] [Iris/]: Queuing DH event binding...
[27Sep2026 15:20:09.922] [Render thread/INFO] [net.minecraft.client.Minecraft/]: Backend library: LWJGL version 3.3.3+5
[27Sep2026 15:20:09.985] [Render thread/INFO] [com.mojang.blaze3d.platform.Window/]: OpenGL Vendor: NVIDIA Corporation
[27Sep2026 15:20:09.985] [Render thread/INFO] [com.mojang.blaze3d.platform.Window/]: OpenGL Renderer: NVIDIA GeForce RTX 3070/PCIe/SSE2
[27Sep2026 15:20:09.985] [Render thread/INFO] [com.mojang.blaze3d.platform.Window/]: OpenGL Version: 4.6.0 NVIDIA 617.14
[27Sep2026 15:20:09.986] [Render thread/INFO] [Sodium-NvidiaWorkarounds/]: Modifying OpenGL context to apply workarounds for the NVIDIA graphics driver...
[27Sep2026 15:20:09.986] [Render thread/INFO] [Sodium-NvidiaWorkarounds/]: Enabling GL_DEBUG_OUTPUT_SYNCHRONOUS to force the NVIDIA driver to disable threaded command submission
[27Sep2026 15:20:10.158] [Render thread/INFO] [Iris/]: Debug functionality is disabled.
[27Sep2026 15:20:10.161] [Render thread/INFO] [Iris/]: OpenGL 4.5 detected, enabling DSA.
[27Sep2026 15:20:10.288] [modloading-worker-0/INFO] [CodecUI/]: Codec construction mixins inactive (Codec, MapCodec, RecordCodecBuilder) - expected on NeoForge; using reflective schema inference (numeric ranges recovered, optional-field defaults not).
[27Sep2026 15:20:10.304] [modloading-worker-0/INFO] [owo/]: Maybe we take a page out of the Wisp Forest handbook: When in doubt, steal glisco's code
[27Sep2026 15:20:10.349] [modloading-worker-0/INFO] [Puzzles Lib/]: Constructing components for hotbarslotcycling:common
[27Sep2026 15:20:10.349] [modloading-worker-0/INFO] [Puzzles Lib/]: Constructing components for pickupnotifier:common
[27Sep2026 15:20:10.350] [modloading-worker-0/INFO] [net.neoforged.neoforge.common.NeoForgeMod/NEOFORGE-MOD]: NeoForge mod loading, version 21.1.249, for MC 1.21.1
[27Sep2026 15:20:10.482] [modloading-worker-0/INFO] [STDOUT/]: [codx.codxlib.CodxLibMod:commonInit:46]: codxlib: common init complete (v1.6.1).
[27Sep2026 15:20:10.482] [modloading-worker-0/INFO] [Puzzles Lib/]: Dispatching loading event for config hotbarslotcycling-client.toml
[27Sep2026 15:20:10.482] [modloading-worker-0/INFO] [Puzzles Lib/]: Dispatching loading event for config pickupnotifier\pickupnotifier-client.toml
[27Sep2026 15:20:10.501] [modloading-worker-0/INFO] [xaero.lib.XaeroLib/]: Registering common data for channel xaerolib:main!
[27Sep2026 15:20:10.540] [modloading-worker-0/INFO] [xaero.lib.XaeroLib/]: Registering client data for channel xaerolib:main!
[27Sep2026 15:20:10.564] [modloading-worker-0/INFO] [xaero.lib.XaeroLib/]: Loading primary common config for channel xaerolib:main!
[27Sep2026 15:20:10.578] [modloading-worker-0/INFO] [xaero.lib.XaeroLib/]: Loading server config profiles for channel xaerolib:main!
[27Sep2026 15:20:10.589] [modloading-worker-0/INFO] [xaero.lib.XaeroLib/]: Loading primary client config for channel xaerolib:main!
[27Sep2026 15:20:10.600] [modloading-worker-0/INFO] [xaero.lib.XaeroLib/]: Loading client config profiles for channel xaerolib:main!
[27Sep2026 15:20:10.610] [modloading-worker-0/INFO] [xaero.map.WorldMap/]: Registering common data for channel xaeroworldmap:main!
[27Sep2026 15:20:10.673] [modloading-worker-0/INFO] [Puzzles Lib/]: Constructing components for slotcycler:common
[27Sep2026 15:20:10.695] [modloading-worker-0/INFO] [xaero.map.WorldMap/]: Registering client data for channel xaeroworldmap:main!
[27Sep2026 15:20:10.737] [modloading-worker-0/INFO] [Puzzles Lib/]: Constructing components for hotbarslotcycling:client
[27Sep2026 15:20:10.737] [modloading-worker-0/INFO] [Puzzles Lib/]: Constructing components for slotcycler:client
[27Sep2026 15:20:10.738] [modloading-worker-0/INFO] [Puzzles Lib/]: Constructing components for pickupnotifier:client
[27Sep2026 15:20:10.745] [modloading-worker-0/INFO] [xaero.map.WorldMap/]: Loading primary common config for channel xaeroworldmap:main!
[27Sep2026 15:20:10.755] [modloading-worker-0/INFO] [xaero.map.WorldMap/]: Loading server config profiles for channel xaeroworldmap:main!
[27Sep2026 15:20:10.760] [modloading-worker-0/INFO] [xaero.map.WorldMap/]: Loading primary client config for channel xaeroworldmap:main!
[27Sep2026 15:20:10.770] [modloading-worker-0/INFO] [xaero.map.WorldMap/]: Loading client config profiles for channel xaeroworldmap:main!
[27Sep2026 15:20:10.831] [modloading-worker-0/INFO] [com.sythiex.backwiththebundle.BackwiththeBundle/]: Back with the Bundle loading
[27Sep2026 15:20:10.900] [modloading-worker-0/INFO] [AlexsMobsContinuedDelight/]: Alex's Mobs Continued Delight loaded.
[27Sep2026 15:20:10.914] [modloading-worker-0/INFO] [xaero.hud.minimap.MinimapLogs/]: Xaero's Minimap: World Map found!
[27Sep2026 15:20:10.914] [modloading-worker-0/INFO] [xaero.hud.minimap.MinimapLogs/]: No Optifine!
[27Sep2026 15:20:10.914] [modloading-worker-0/INFO] [xaero.hud.minimap.MinimapLogs/]: Xaero's Minimap: No Vivecraft!
[27Sep2026 15:20:10.916] [modloading-worker-0/INFO] [xaero.hud.minimap.MinimapLogs/]: Xaero's Minimap: Iris found!
[27Sep2026 15:20:10.935] [modloading-worker-0/INFO] [Puzzles Lib/]: Constructing components for puzzleslib:common
[27Sep2026 15:20:10.939] [modloading-worker-0/INFO] [Puzzles Lib/]: Constructing components for puzzleslib:client
[27Sep2026 15:20:10.975] [modloading-worker-0/INFO] [xaero.common.HudMod/]: Registering common data for channel xaerominimap:main!
[27Sep2026 15:20:11.015] [modloading-worker-0/INFO] [be.florens.expandability.ExpandAbility/]: ExpandAbility here, who dis?
[27Sep2026 15:20:11.028] [modloading-worker-0/INFO] [xaero.common.HudMod/]: Registering client data for channel xaerominimap:main!
[27Sep2026 15:20:11.086] [modloading-worker-0/INFO] [xaero.common.HudMod/]: Loading primary common config for channel xaerominimap:main!
[27Sep2026 15:20:11.096] [modloading-worker-0/INFO] [xaero.common.HudMod/]: Loading server config profiles for channel xaerominimap:main!
[27Sep2026 15:20:11.102] [modloading-worker-0/INFO] [xaero.common.HudMod/]: Loading primary client config for channel xaerominimap:main!
[27Sep2026 15:20:11.111] [modloading-worker-0/INFO] [xaero.common.HudMod/]: Loading client config profiles for channel xaerominimap:main!
[27Sep2026 15:20:11.482] [modloading-worker-0/INFO] [mezz.jei.library.load.PluginCaller/]: Sending ConfigManager...
[27Sep2026 15:20:11.484] [modloading-worker-0/INFO] [mezz.jei.library.load.PluginCaller/]: Sending ConfigManager took 1.127 milliseconds
[27Sep2026 15:20:11.531] [modloading-worker-0/INFO] [Inventory Profiles Next/]: [Inventory Profiles Next] Inventory Profiles Next - init in Kotlin
[27Sep2026 15:20:11.542] [modloading-worker-0/INFO] [thedarkcolour.kotlinforforge.neoforge.test.KotlinForForge/]: Kotlin For Forge Enabled!
[27Sep2026 15:20:11.543] [modloading-worker-0/INFO] [club.redux.sunset.lavafishing.LavaFishing/]: ____
[27Sep2026 15:20:11.543] [modloading-worker-0/INFO] [club.redux.sunset.lavafishing.LavaFishing/]:  /  / _   _   //'  _  / '// _   _ _ _ __  / /  _
[27Sep2026 15:20:11.543] [modloading-worker-0/INFO] [club.redux.sunset.lavafishing.LavaFishing/]: (  /)(-  / ()((//)(/ /)/((_)  _) (-(/    ()((/(- ,
[27Sep2026 15:20:11.544] [modloading-worker-0/INFO] [club.redux.sunset.lavafishing.LavaFishing/]:                  _/
[27Sep2026 15:20:11.544] [modloading-worker-0/INFO] [club.redux.sunset.lavafishing.LavaFishing/]: ____
[27Sep2026 15:20:11.544] [modloading-worker-0/INFO] [club.redux.sunset.lavafishing.LavaFishing/]:  /  / _   _/  '  _   _      / /    _/ __  _ _ _/
[27Sep2026 15:20:11.544] [modloading-worker-0/INFO] [club.redux.sunset.lavafishing.LavaFishing/]: (  /)(-  (/(///)(/ _) (//) ()(()()(/     / (-(/ .
[27Sep2026 15:20:11.544] [modloading-worker-0/INFO] [club.redux.sunset.lavafishing.LavaFishing/]:            /   _/
[27Sep2026 15:20:12.252] [ForkJoinPool.commonPool-worker-9/WARN] [Iris/]: [Iris Update Check] This version doesn't have an update index, skipping.
[27Sep2026 15:20:12.604] [modloading-sync-worker/INFO] [Moonlight/]: Initialized block sets in 60ms
[27Sep2026 15:20:12.985] [modloading-sync-worker/INFO] [dmr/]: Loading client config
[27Sep2026 15:20:13.193] [Render thread/INFO] [Moonlight/]: Merging 1 images using mode MIN_AREA_NO_UPSCALE
[27Sep2026 15:20:13.639] [Render thread/INFO] [com.github.alexthe666.alexsmobs.AlexsMobs/]: loaded in block colorizer
[27Sep2026 15:20:13.645] [Render thread/INFO] [com.github.alexthe666.alexsmobs.AlexsMobs/]: loaded in item colorizer
[27Sep2026 15:20:13.829] [Render thread/INFO] [Iris/]: Hardware information:
[27Sep2026 15:20:13.829] [Render thread/INFO] [Iris/]: CPU: 16x AMD Ryzen 7 5800X 8-Core Processor 
[27Sep2026 15:20:13.829] [Render thread/INFO] [Iris/]: GPU: NVIDIA GeForce RTX 3070/PCIe/SSE2 (Supports OpenGL 4.6.0 NVIDIA 617.14)
[27Sep2026 15:20:13.830] [Render thread/INFO] [Iris/]: OS: Windows 11 (10.0)
[27Sep2026 15:20:14.377] [Render thread/INFO] [net.minecraft.server.packs.resources.ReloadableResourceManager/]: Reloading ResourceManager: vanilla, mod_resources, mod/sodium, mod/rhino, mod/kuma_api, mod/fabric_renderer_api_v1, mod/owo, mod/alexsmobs, mod/dmr, mod/codecui, mod/geckolib, mod/mss, mod/mr_farmers_cuttingnethersexoticism, mod/mos, mod/lithostitched, mod/xaerolib, mod/apollib, mod/hotbarslotcycling, mod/questborne, mod/mr_farmers_cuttingregionsunexplored, mod/xaeroworldmap, mod/neoforge, mod/modernfix, mod/citadel, mod/artifacts, mod/fabric_block_view_api_v2, mod/iris, mod/codxlib, mod/mtr, mod/ends_delight, mod/pickupnotifier, mod/distanthorizons, mod/balm, mod/lavafishing, mod/alexs_mobs_extra_music, mod/farmersdelight, mod/nethers_exoticism, mod/blueprint, mod/libipn, mod/terrablender, mod/moonlight, mod/chefsdelight, mod/fabric_api_base, mod/regions_unexplored, mod/creativecore, mod/slotcycler, mod/mmr, mod/lionfishapi, mod/mr_1212_bundlerecipe, mod/kotlinforforge, mod/mmv, mod/cataclysm, mod/curios, mod/xaerominimap, mod/mynethersdelight, mod/mes, mod/mr_pale_gardenremastered, mod/autumnity, mod/backwiththebundle, mod/betteradvancedtooltips, mod/amcdelight, mod/inventoryprofilesnext, mod/oceansdelight, mod/mvs, mod/architectury, mod/appleskin, mod/ferritecore, mod/puzzleslib, mod/fabric_rendering_data_attachment_v1, mod/aquaculture, mod/moogs_structures, mod/mns, mod/expandability, mod/mezz_config, mod/jei, moonlight:merged_pack
[27Sep2026 15:20:14.391] [Render thread/INFO] [com.teamabnormals.blueprint.core.Blueprint/]: Successfully loaded 0 assets remolders!
[27Sep2026 15:20:14.409] [Worker-ResourceReload-0/INFO] [Moonlight/]: Resource cache state for CLIENT_RESOURCES: needs regeneration
[27Sep2026 15:20:14.410] [Worker-ResourceReload-0/INFO] [Moonlight/]: Starting runtime resource generation for pack type CLIENT_RESOURCES with generators [moonlight:dynamic_resources]
[27Sep2026 15:20:14.414] [Worker-ResourceReload-0/INFO] [Moonlight/]: Regenerating Dynamic CLIENT_RESOURCES Resources Provider [moonlight:dynamic_resources], requested by strategy REGEN_ON_EVERY_RELOAD
[27Sep2026 15:20:14.420] [Worker-ResourceReload-0/INFO] [Moonlight/]: Generated runtime CLIENT_RESOURCES for pack moonlight:dynamic_resources in 4.736 ms
[27Sep2026 15:20:14.420] [Worker-ResourceReload-0/INFO] [Moonlight/]: Finished runtime resources generation for 1 packs in a total of 9.496 ms 
[27Sep2026 15:20:14.482] [Worker-ResourceReload-3/INFO] [xaero.lib.XaeroLib/]: Loading XaeroLib common 1/2!
[27Sep2026 15:20:14.482] [Worker-ResourceReload-4/INFO] [com.mcg.questborne.Questborne/]: Questborne initialized
[27Sep2026 15:20:14.487] [NeoForge Version Check/INFO] [net.neoforged.fml.VersionChecker/]: [mr_farmers_cuttingnethersexoticism] Starting version check at https://api.modrinth.com/updates/FClZlLMF/forge_updates.json?neoforge=only
[27Sep2026 15:20:14.646] [Worker-ResourceReload-8/INFO] [net.minecraft.client.gui.font.providers.UnihexProvider/]: Found unifont_all_no_pua-15.1.05.hex, loading
[27Sep2026 15:20:14.716] [Worker-ResourceReload-0/ERROR] [GeckoLib/]: Unable to parse animation: tail_turn
	-> Failed to parse expression 'tail_y*25'
		-> Unable to parse compiled symbols from expression: [Left[tail_y]]
[27Sep2026 15:20:14.718] [Worker-ResourceReload-0/INFO] [STDERR/]: [java.lang.Throwable:printStackTrace:651]: Geckolib.CompoundException: Unable to parse animation: tail_turn
	-> Failed to parse expression 'tail_y*25'
		-> Unable to parse compiled symbols from expression: [Left[tail_y]]
[27Sep2026 15:20:14.720] [Worker-ResourceReload-0/INFO] [STDERR/]: [java.lang.Throwable:printStackTrace:651]: 	at TRANSFORMER/geckolib@4.9.3/software.bernie.geckolib.loading.math.MathParser.parseSymbols(MathParser.java:427)
[27Sep2026 15:20:14.720] [Worker-ResourceReload-0/INFO] [STDERR/]: [java.lang.Throwable:printStackTrace:651]: 	at TRANSFORMER/geckolib@4.9.3/software.bernie.geckolib.loading.math.MathParser.compileCalculation(MathParser.java:546)
[27Sep2026 15:20:14.721] [Worker-ResourceReload-0/INFO] [STDERR/]: [java.lang.Throwable:printStackTrace:651]: 	at TRANSFORMER/geckolib@4.9.3/software.bernie.geckolib.loading.math.MathParser.compileValue(MathParser.java:451)
[27Sep2026 15:20:14.721] [Worker-ResourceReload-0/INFO] [STDERR/]: [java.lang.Throwable:printStackTrace:651]: 	at TRANSFORMER/geckolib@4.9.3/software.bernie.geckolib.loading.math.MathParser.parseSymbols(MathParser.java:422)
[27Sep2026 15:20:14.721] [Worker-ResourceReload-0/INFO] [STDERR/]: [java.lang.Throwable:printStackTrace:651]: 	at TRANSFORMER/geckolib@4.9.3/software.bernie.geckolib.loading.math.MathParser.compileExpression(MathParser.java:234)
[27Sep2026 15:20:14.722] [Worker-ResourceReload-0/INFO] [STDERR/]: [java.lang.Throwable:printStackTrace:651]: 	at TRANSFORMER/geckolib@4.9.3/software.bernie.geckolib.loading.math.MathParser.compileMolang(MathParser.java:226)
[27Sep2026 15:20:14.722] [Worker-ResourceReload-0/INFO] [STDERR/]: [java.lang.Throwable:printStackTrace:651]: 	at TRANSFORMER/geckolib@4.9.3/software.bernie.geckolib.loading.math.MathParser.parseJson(MathParser.java:171)
[27Sep2026 15:20:14.723] [Worker-ResourceReload-0/INFO] [STDERR/]: [java.lang.Throwable:printStackTrace:651]: 	at TRANSFORMER/geckolib@4.9.3/software.bernie.geckolib.loading.json.typeadapter.BakedAnimationsAdapter.buildKeyframeStack(BakedAnimationsAdapter.java:202)
[27Sep2026 15:20:14.723] [Worker-ResourceReload-0/INFO] [STDERR/]: [java.lang.Throwable:printStackTrace:651]: 	at TRANSFORMER/geckolib@4.9.3/software.bernie.geckolib.loading.json.typeadapter.BakedAnimationsAdapter.bakeBoneAnimations(BakedAnimationsAdapter.java:78)
[27Sep2026 15:20:14.725] [Worker-ResourceReload-0/INFO] [STDERR/]: [java.lang.Throwable:printStackTrace:651]: 	at TRANSFORMER/geckolib@4.9.3/software.bernie.geckolib.loading.json.typeadapter.BakedAnimationsAdapter.bakeAnimation(BakedAnimationsAdapter.java:61)
[27Sep2026 15:20:14.725] [Worker-ResourceReload-0/INFO] [STDERR/]: [java.lang.Throwable:printStackTrace:651]: 	at TRANSFORMER/geckolib@4.9.3/software.bernie.geckolib.loading.json.typeadapter.BakedAnimationsAdapter.deserialize(BakedAnimationsAdapter.java:41)
[27Sep2026 15:20:14.726] [Worker-ResourceReload-0/INFO] [STDERR/]: [java.lang.Throwable:printStackTrace:651]: 	at TRANSFORMER/geckolib@4.9.3/software.bernie.geckolib.loading.json.typeadapter.BakedAnimationsAdapter.deserialize(BakedAnimationsAdapter.java:31)
[27Sep2026 15:20:14.726] [Worker-ResourceReload-0/INFO] [STDERR/]: [java.lang.Throwable:printStackTrace:651]: 	at MC-BOOTSTRAP/com.google.gson@2.10.1/com.google.gson.internal.bind.TreeTypeAdapter.read(TreeTypeAdapter.java:76)
[27Sep2026 15:20:14.726] [Worker-ResourceReload-0/INFO] [STDERR/]: [java.lang.Throwable:printStackTrace:651]: 	at MC-BOOTSTRAP/com.google.gson@2.10.1/com.google.gson.Gson.fromJson(Gson.java:1227)
[27Sep2026 15:20:14.727] [Worker-ResourceReload-0/INFO] [STDERR/]: [java.lang.Throwable:printStackTrace:651]: 	at MC-BOOTSTRAP/com.google.gson@2.10.1/com.google.gson.Gson.fromJson(Gson.java:1329)
[27Sep2026 15:20:14.727] [Worker-ResourceReload-0/INFO] [STDERR/]: [java.lang.Throwable:printStackTrace:651]: 	at MC-BOOTSTRAP/com.google.gson@2.10.1/com.google.gson.Gson.fromJson(Gson.java:1271)
[27Sep2026 15:20:14.728] [Worker-ResourceReload-0/INFO] [STDERR/]: [java.lang.Throwable:printStackTrace:651]: 	at TRANSFORMER/geckolib@4.9.3/software.bernie.geckolib.loading.FileLoader.loadAnimationsFile(FileLoader.java:36)
[27Sep2026 15:20:14.729] [Worker-ResourceReload-0/INFO] [STDERR/]: [java.lang.Throwable:printStackTrace:651]: 	at TRANSFORMER/geckolib@4.9.3/software.bernie.geckolib.cache.GeckoLibCache.lambda$loadAnimations$2(GeckoLibCache.java:79)
[27Sep2026 15:20:14.730] [Worker-ResourceReload-0/INFO] [STDERR/]: [java.lang.Throwable:printStackTrace:651]: 	at TRANSFORMER/geckolib@4.9.3/software.bernie.geckolib.cache.GeckoLibCache.lambda$loadResources$8(GeckoLibCache.java:121)
[27Sep2026 15:20:14.731] [Worker-ResourceReload-0/INFO] [STDERR/]: [java.lang.Throwable:printStackTrace:651]: 	at java.base/java.util.concurrent.CompletableFuture$AsyncSupply.run(CompletableFuture.java:1768)
[27Sep2026 15:20:14.731] [Worker-ResourceReload-0/INFO] [STDERR/]: [java.lang.Throwable:printStackTrace:651]: 	at java.base/java.util.concurrent.CompletableFuture$AsyncSupply.exec(CompletableFuture.java:1760)
[27Sep2026 15:20:14.732] [Worker-ResourceReload-0/INFO] [STDERR/]: [java.lang.Throwable:printStackTrace:651]: 	at java.base/java.util.concurrent.ForkJoinTask.doExec(ForkJoinTask.java:387)
[27Sep2026 15:20:14.732] [Worker-ResourceReload-0/INFO] [STDERR/]: [java.lang.Throwable:printStackTrace:651]: 	at java.base/java.util.concurrent.ForkJoinPool$WorkQueue.topLevelExec(ForkJoinPool.java:1312)
[27Sep2026 15:20:14.733] [Worker-ResourceReload-0/INFO] [STDERR/]: [java.lang.Throwable:printStackTrace:651]: 	at java.base/java.util.concurrent.ForkJoinPool.scan(ForkJoinPool.java:1843)
[27Sep2026 15:20:14.733] [Worker-ResourceReload-0/INFO] [STDERR/]: [java.lang.Throwable:printStackTrace:651]: 	at java.base/java.util.concurrent.ForkJoinPool.runWorker(ForkJoinPool.java:1808)
[27Sep2026 15:20:14.733] [Worker-ResourceReload-0/INFO] [STDERR/]: [java.lang.Throwable:printStackTrace:651]: 	at java.base/java.util.concurrent.ForkJoinWorkerThread.run(ForkJoinWorkerThread.java:188)
[27Sep2026 15:20:14.831] [Render thread/INFO] [Moonlight/]: Initialized color sets in 28ms
[27Sep2026 15:20:14.865] [Worker-ResourceReload-13/ERROR] [ModernFix/]: A mod is calling registerReloadListener at the wrong time. This will cause random concurrency crashes when ModernFix is not installed. Please report this to them. If you are a modder, refer to https://github.com/embeddedt/ModernFix/wiki/registerReloadListener-called-on-wrong-thread for more information.
java.lang.Exception: registerReloadListener called on wrong thread
	at TRANSFORMER/minecraft@1.21.1/net.minecraft.server.packs.resources.ReloadableResourceManager.wrapMethod$zln000$modernfix$checkCallingThread(ReloadableResourceManager.java:536) ~[client-1.21.1-20240808.144430-srg.jar%23250!/:?]
	at TRANSFORMER/minecraft@1.21.1/net.minecraft.server.packs.resources.ReloadableResourceManager.registerReloadListener(ReloadableResourceManager.java) ~[client-1.21.1-20240808.144430-srg.jar%23250!/:?]
	at TRANSFORMER/dmr@1.9.2/dmr.DragonMounts.types.ResourcePackLoader.addReloadListener(ResourcePackLoader.java:42) ~[Dragon%20Mounts%20Remastered-1.21.1-1.9.2.jar%23276!/:?]
	at TRANSFORMER/dmr@1.9.2/dmr.DragonMounts.ClientRegistry.setupClient(ClientRegistry.java:30) ~[Dragon%20Mounts%20Remastered-1.21.1-1.9.2.jar%23276!/:?]
	at MC-BOOTSTRAP/net.neoforged.bus/net.neoforged.bus.EventBus.post(EventBus.java:360) ~[bus-8.0.5.jar%23164!/:?]
	at MC-BOOTSTRAP/net.neoforged.bus/net.neoforged.bus.EventBus.post(EventBus.java:328) ~[bus-8.0.5.jar%23164!/:?]
	at MC-BOOTSTRAP/fml_loader@4.0.44/net.neoforged.fml.ModContainer.acceptEvent(ModContainer.java:158) ~[loader-4.0.44.jar%23161!/:4.0]
	at MC-BOOTSTRAP/fml_loader@4.0.44/net.neoforged.fml.ModLoader.lambda$dispatchParallelEvent$4(ModLoader.java:172) ~[loader-4.0.44.jar%23161!/:4.0]
	at MC-BOOTSTRAP/fml_loader@4.0.44/net.neoforged.fml.ModLoader.lambda$dispatchParallelTask$7(ModLoader.java:231) ~[loader-4.0.44.jar%23161!/:4.0]
	at java.base/java.util.concurrent.CompletableFuture.uniHandle(CompletableFuture.java:934) [?:?]
	at java.base/java.util.concurrent.CompletableFuture$UniHandle.tryFire(CompletableFuture.java:911) [?:?]
	at java.base/java.util.concurrent.CompletableFuture$Completion.exec(CompletableFuture.java:483) [?:?]
	at java.base/java.util.concurrent.ForkJoinTask.doExec(ForkJoinTask.java:387) [?:?]
	at java.base/java.util.concurrent.ForkJoinPool$WorkQueue.topLevelExec(ForkJoinPool.java:1312) [?:?]
	at java.base/java.util.concurrent.ForkJoinPool.scan(ForkJoinPool.java:1843) [?:?]
	at java.base/java.util.concurrent.ForkJoinPool.runWorker(ForkJoinPool.java:1808) [?:?]
	at java.base/java.util.concurrent.ForkJoinWorkerThread.run(ForkJoinWorkerThread.java:188) [?:?]
[27Sep2026 15:20:14.868] [Worker-ResourceReload-13/INFO] [xaero.lib.XaeroLib/]: Loading XaeroLib client 1/2!
[27Sep2026 15:20:14.871] [Worker-ResourceReload-0/INFO] [xaero.map.WorldMap/]: Loading Xaero's World Map - Stage 1/2
[27Sep2026 15:20:14.903] [Worker-ResourceReload-9/INFO] [org.anti_ad.mc.common.LogBase/]: [libIPN] Initializing client...
[27Sep2026 15:20:14.920] [Worker-ResourceReload-1/INFO] [DistantHorizons-DistantHorizons-com.seibel.distanthorizons.common.AbstractModInitializer_neoforge/]: Initializing Distant Horizons client, firing DhApiBeforeDhInitEvent...
[27Sep2026 15:20:14.962] [Worker-ResourceReload-5/INFO] [xaero.minimap.XaeroMinimap/]: Loading Xaero's Minimap - Stage 1/2
[27Sep2026 15:20:14.974] [Worker-ResourceReload-1/INFO] [DistantHorizons-DistantHorizons-com.seibel.distanthorizons.core.Initializer/]: Running library validation...
[27Sep2026 15:20:15.006] [Worker-ResourceReload-4/INFO] [net.minecraft.client.gui.font.providers.UnihexProvider/]: Found unifont_jp_patch-15.1.05.hex, loading
[27Sep2026 15:20:15.045] [Worker-ResourceReload-9/INFO] [org.anti_ad.mc.common.LogBase/]: [libIPN] libIPN - init in Kotlin
[27Sep2026 15:20:15.187] [Worker-ResourceReload-1/WARN] [DistantHorizons-DistantHorizons-com.seibel.distanthorizons.core.Initializer/]: Java.awt.headless is false. This means Distant Horizons can't display error and info dialog windows.
[27Sep2026 15:20:15.215] [Worker-ResourceReload-1/INFO] [DistantHorizons-DistantHorizons-com.seibel.distanthorizons.common.AbstractModInitializer_neoforge/]: Distant Horizons, Version: 3.3.2
[27Sep2026 15:20:15.230] [Worker-ResourceReload-1/INFO] [DistantHorizons-DistantHorizons-com.seibel.distanthorizons.common.AbstractModInitializer_neoforge/]: Skipping mod compatibility accessor for: [optifine]
[27Sep2026 15:20:15.231] [Worker-ResourceReload-1/INFO] [DistantHorizons-DistantHorizons-com.seibel.distanthorizons.common.AbstractModInitializer_neoforge/]: Skipping mod compatibility accessor for: [c2me]
[27Sep2026 15:20:15.232] [Worker-ResourceReload-1/INFO] [DistantHorizons-DistantHorizons-com.seibel.distanthorizons.common.AbstractModInitializer_neoforge/]: Skipping mod compatibility accessor for: [imm_ptl_core, immersive_portals, immersive_portals_core]
[27Sep2026 15:20:15.232] [Worker-ResourceReload-1/INFO] [DistantHorizons-DistantHorizons-com.seibel.distanthorizons.core.dependencyInjection.ModAccessorInjector/]: Registered mod compatibility accessor for: [iris].
[27Sep2026 15:20:15.277] [Worker-ResourceReload-1/INFO] [DistantHorizons-DistantHorizons-com.seibel.distanthorizons.core.config.ConfigHandler/]: Initialising config for [DistantHorizons]
[27Sep2026 15:20:15.374] [NeoForge Version Check/INFO] [net.neoforged.fml.VersionChecker/]: [mr_farmers_cuttingnethersexoticism] Found status: OUTDATED Current: 1.21.1-1.0 Target: 1.21.1-1.0+mod
[27Sep2026 15:20:15.374] [NeoForge Version Check/INFO] [net.neoforged.fml.VersionChecker/]: [hotbarslotcycling] Starting version check at https://raw.githubusercontent.com/Fuzss/modresources/main/update/hotbarslotcycling.json
[27Sep2026 15:20:15.407] [Worker-ResourceReload-1/INFO] [DistantHorizons-DistantHorizons-com.seibel.distanthorizons.core.config.ConfigHandler/]: [DistantHorizons] Config initialised
[27Sep2026 15:20:15.420] [Worker-ResourceReload-1/INFO] [DistantHorizons-DistantHorizons-com.seibel.distanthorizons.core.config.eventHandlers.IgnoredDimensionCsvHandler/]: Dimension ignoring disabled, DH will render all dimensions.
[27Sep2026 15:20:15.420] [Worker-ResourceReload-1/INFO] [com.seibel.distanthorizons.core.logging.DhLogger/]: Applying config to loggers
[27Sep2026 15:20:15.421] [Worker-ResourceReload-1/INFO] [DistantHorizons-DistantHorizons-com.seibel.distanthorizons.core.Initializer/]: Garbage collectors: [G1 Young Generation, G1 Concurrent GC, G1 Old Generation]
[27Sep2026 15:20:15.421] [Worker-ResourceReload-1/WARN] [DistantHorizons-DistantHorizons-com.seibel.distanthorizons.core.Initializer/]: Distant Horizons: G1 Garbage collector detected.
This can cause FPS stuttering. 
It's recommended to use a concurrent garbage collector 
like ZGC (Java 21+) or Shenandoah (Java 8 through 17) 
for a smoother experience. 
This warning can be disabled in the DH config.
[27Sep2026 15:20:15.432] [Worker-ResourceReload-1/INFO] [DistantHorizons-DistantHorizons-com.seibel.distanthorizons.core.Initializer/]: Explicit Garbage Collection: [Enabled]
[27Sep2026 15:20:15.432] [Worker-ResourceReload-1/INFO] [DistantHorizons-DistantHorizons-com.seibel.distanthorizons.common.AbstractModInitializer_neoforge/]: Distant Horizons client Initialized.
[27Sep2026 15:20:15.432] [Worker-ResourceReload-1/INFO] [DistantHorizons-DistantHorizons-com.seibel.distanthorizons.common.AbstractModInitializer_neoforge/]: Running Delayed setup...
[27Sep2026 15:20:15.432] [Worker-ResourceReload-1/INFO] [DistantHorizons-DistantHorizons-com.seibel.distanthorizons.common.AbstractModInitializer_neoforge/]: Delayed setup complete, firing DhApiAfterDhInitEvent event...
[27Sep2026 15:20:15.433] [Worker-ResourceReload-1/INFO] [Iris/]: DH Ready, binding Iris event handlers...
[27Sep2026 15:20:15.450] [Worker-ResourceReload-1/INFO] [Iris/]: DH Iris events bound.
[27Sep2026 15:20:15.451] [DH-PostClientInit Thread/INFO] [DistantHorizons-DistantHorizons-com.seibel.distanthorizons.common.wrappers.DependencySetup_neoforge/]: Setting DH Rendering API to: [OPEN_GL]...
[27Sep2026 15:20:15.468] [DH-PostClientInit Thread/INFO] [DistantHorizons-DistantHorizons-com.seibel.distanthorizons.common.wrappers.DependencySetup_neoforge/]: DH Rendering successfully bound to: [OpenGL]...
[27Sep2026 15:20:15.549] [Worker-ResourceReload-12/WARN] [net.minecraft.client.resources.model.ModelBakery/]: Unable to load model: 'qb_cataclysm:item/hired_npc_warmonger_female_1' referenced from: questborne:item/hired_npc: java.io.FileNotFoundException: qb_cataclysm:models/item/hired_npc_warmonger_female_1.json
[27Sep2026 15:20:15.549] [Worker-ResourceReload-12/WARN] [net.minecraft.client.resources.model.ModelBakery/]: Unable to load model: 'qb_cataclysm:item/hired_npc_warmonger_female_0' referenced from: questborne:item/hired_npc: java.io.FileNotFoundException: qb_cataclysm:models/item/hired_npc_warmonger_female_0.json
[27Sep2026 15:20:15.549] [Worker-ResourceReload-12/WARN] [net.minecraft.client.resources.model.ModelBakery/]: Unable to load model: 'qb_cataclysm:item/hired_npc_warmonger_female_2' referenced from: questborne:item/hired_npc: java.io.FileNotFoundException: qb_cataclysm:models/item/hired_npc_warmonger_female_2.json
[27Sep2026 15:20:15.549] [Worker-ResourceReload-12/WARN] [net.minecraft.client.resources.model.ModelBakery/]: Unable to load model: 'qb_farmersdelight:item/hired_npc_farmer_male_0' referenced from: questborne:item/hired_npc: java.io.FileNotFoundException: qb_farmersdelight:models/item/hired_npc_farmer_male_0.json
[27Sep2026 15:20:15.549] [Worker-ResourceReload-12/WARN] [net.minecraft.client.resources.model.ModelBakery/]: Unable to load model: 'qb_farmersdelight:item/hired_npc_farmer_male_1' referenced from: questborne:item/hired_npc: java.io.FileNotFoundException: qb_farmersdelight:models/item/hired_npc_farmer_male_1.json
[27Sep2026 15:20:15.549] [Worker-ResourceReload-12/WARN] [net.minecraft.client.resources.model.ModelBakery/]: Unable to load model: 'qb_farmersdelight:item/hired_npc_farmer_female_0' referenced from: questborne:item/hired_npc: java.io.FileNotFoundException: qb_farmersdelight:models/item/hired_npc_farmer_female_0.json
[27Sep2026 15:20:15.549] [Worker-ResourceReload-12/WARN] [net.minecraft.client.resources.model.ModelBakery/]: Unable to load model: 'qb_farmersdelight:item/hired_npc_farmer_female_1' referenced from: questborne:item/hired_npc: java.io.FileNotFoundException: qb_farmersdelight:models/item/hired_npc_farmer_female_1.json
[27Sep2026 15:20:15.549] [Worker-ResourceReload-12/WARN] [net.minecraft.client.resources.model.ModelBakery/]: Unable to load model: 'qb_farmersdelight:item/hired_npc_farmer_female_2' referenced from: questborne:item/hired_npc: java.io.FileNotFoundException: qb_farmersdelight:models/item/hired_npc_farmer_female_2.json
[27Sep2026 15:20:15.549] [Worker-ResourceReload-12/WARN] [net.minecraft.client.resources.model.ModelBakery/]: Unable to load model: 'qb_cataclysm:item/hired_npc_warmonger_male_0' referenced from: questborne:item/hired_npc: java.io.FileNotFoundException: qb_cataclysm:models/item/hired_npc_warmonger_male_0.json
[27Sep2026 15:20:15.549] [Worker-ResourceReload-12/WARN] [net.minecraft.client.resources.model.ModelBakery/]: Unable to load model: 'qb_cataclysm:item/hired_npc_warmonger_male_1' referenced from: questborne:item/hired_npc: java.io.FileNotFoundException: qb_cataclysm:models/item/hired_npc_warmonger_male_1.json
[27Sep2026 15:20:15.549] [Worker-ResourceReload-12/WARN] [net.minecraft.client.resources.model.ModelBakery/]: Unable to load model: 'qb_cataclysm:item/hired_npc_warmonger_male_2' referenced from: questborne:item/hired_npc: java.io.FileNotFoundException: qb_cataclysm:models/item/hired_npc_warmonger_male_2.json
[27Sep2026 15:20:15.550] [Worker-ResourceReload-12/WARN] [net.minecraft.client.resources.model.ModelBakery/]: Unable to load model: 'qb_farmersdelight:item/hired_npc_farmer_male_2' referenced from: questborne:item/hired_npc: java.io.FileNotFoundException: qb_farmersdelight:models/item/hired_npc_farmer_male_2.json
[27Sep2026 15:20:15.550] [Worker-ResourceReload-12/WARN] [net.minecraft.client.resources.model.ModelBakery/]: Unable to load model: 'qb_deeperdarker:item/hired_npc_occultist_female_0' referenced from: questborne:item/hired_npc: java.io.FileNotFoundException: qb_deeperdarker:models/item/hired_npc_occultist_female_0.json
[27Sep2026 15:20:15.550] [Worker-ResourceReload-12/WARN] [net.minecraft.client.resources.model.ModelBakery/]: Unable to load model: 'qb_deeperdarker:item/hired_npc_occultist_male_0' referenced from: questborne:item/hired_npc: java.io.FileNotFoundException: qb_deeperdarker:models/item/hired_npc_occultist_male_0.json
[27Sep2026 15:20:15.552] [Worker-ResourceReload-12/WARN] [net.minecraft.client.resources.model.ModelBakery/]: Unable to load model: 'minecraft:item/celeste2a' referenced from: nethers_exoticism:item/rambutan_shield: java.io.FileNotFoundException: minecraft:models/item/celeste2a.json
[27Sep2026 15:20:15.552] [Worker-ResourceReload-12/WARN] [net.minecraft.client.resources.model.ModelBakery/]: Unable to load model: 'minecraft:item/celeste2b' referenced from: nethers_exoticism:item/rambutan_shield: java.io.FileNotFoundException: minecraft:models/item/celeste2b.json
[27Sep2026 15:20:15.745] [Render thread/INFO] [Iris/]: Profile: HIGH (+6 options changed by user)
[27Sep2026 15:20:15.782] [Worker-ResourceReload-13/WARN] [xaero.lib.XaeroLib/]: io exception while checking patreon: Read timed out
[27Sep2026 15:20:16.058] [NeoForge Version Check/WARN] [net.neoforged.fml.VersionChecker/]: Failed to process update information
com.google.gson.JsonSyntaxException: java.lang.IllegalStateException: Expected BEGIN_OBJECT but was NUMBER at line 1 column 4 path $
	at MC-BOOTSTRAP/com.google.gson@2.10.1/com.google.gson.Gson.fromJson(Gson.java:1238) ~[gson-2.10.1.jar%23123!/:?]
	at MC-BOOTSTRAP/com.google.gson@2.10.1/com.google.gson.Gson.fromJson(Gson.java:1137) ~[gson-2.10.1.jar%23123!/:?]
	at MC-BOOTSTRAP/com.google.gson@2.10.1/com.google.gson.Gson.fromJson(Gson.java:1047) ~[gson-2.10.1.jar%23123!/:?]
	at MC-BOOTSTRAP/com.google.gson@2.10.1/com.google.gson.Gson.fromJson(Gson.java:982) ~[gson-2.10.1.jar%23123!/:?]
	at MC-BOOTSTRAP/fml_loader@4.0.44/net.neoforged.fml.VersionChecker$1.process(VersionChecker.java:167) ~[loader-4.0.44.jar%23161!/:4.0]
	at java.base/java.lang.Iterable.forEach(Iterable.java:75) [?:?]
	at MC-BOOTSTRAP/fml_loader@4.0.44/net.neoforged.fml.VersionChecker$1.run(VersionChecker.java:105) [loader-4.0.44.jar%23161!/:4.0]
Caused by: java.lang.IllegalStateException: Expected BEGIN_OBJECT but was NUMBER at line 1 column 4 path $
	at MC-BOOTSTRAP/com.google.gson@2.10.1/com.google.gson.stream.JsonReader.beginObject(JsonReader.java:393) ~[gson-2.10.1.jar%23123!/:?]
	at MC-BOOTSTRAP/com.google.gson@2.10.1/com.google.gson.internal.bind.MapTypeAdapterFactory$Adapter.read(MapTypeAdapterFactory.java:182) ~[gson-2.10.1.jar%23123!/:?]
	at MC-BOOTSTRAP/com.google.gson@2.10.1/com.google.gson.internal.bind.MapTypeAdapterFactory$Adapter.read(MapTypeAdapterFactory.java:144) ~[gson-2.10.1.jar%23123!/:?]
	at MC-BOOTSTRAP/com.google.gson@2.10.1/com.google.gson.Gson.fromJson(Gson.java:1227) ~[gson-2.10.1.jar%23123!/:?]
	... 6 more
[27Sep2026 15:20:16.059] [NeoForge Version Check/INFO] [net.neoforged.fml.VersionChecker/]: [mr_farmers_cuttingregionsunexplored] Starting version check at https://api.modrinth.com/updates/lFKDc2ny/forge_updates.json?neoforge=only
[27Sep2026 15:20:16.251] [NeoForge Version Check/INFO] [net.neoforged.fml.VersionChecker/]: [mr_farmers_cuttingregionsunexplored] Found status: OUTDATED Current: 1.21.1-1.1b-neoforge Target: 1.21.1-1.1b-neoforge+mod
[27Sep2026 15:20:16.251] [NeoForge Version Check/INFO] [net.neoforged.fml.VersionChecker/]: [pickupnotifier] Starting version check at https://raw.githubusercontent.com/Fuzss/modresources/main/update/pickupnotifier.json
[27Sep2026 15:20:16.413] [NeoForge Version Check/INFO] [net.neoforged.fml.VersionChecker/]: [pickupnotifier] Found status: UP_TO_DATE Current: 21.1.1 Target: null
[27Sep2026 15:20:16.413] [NeoForge Version Check/INFO] [net.neoforged.fml.VersionChecker/]: [slotcycler] Starting version check at https://raw.githubusercontent.com/Fuzss/modresources/main/update/slotcycler.json
[27Sep2026 15:20:16.656] [NeoForge Version Check/INFO] [net.neoforged.fml.VersionChecker/]: [slotcycler] Found status: UP_TO_DATE Current: 21.1.1 Target: null
[27Sep2026 15:20:16.656] [NeoForge Version Check/INFO] [net.neoforged.fml.VersionChecker/]: [mr_1212_bundlerecipe] Starting version check at https://api.modrinth.com/updates/JPVSeZZV/forge_updates.json?neoforge=only
[27Sep2026 15:20:16.673] [Worker-ResourceReload-12/WARN] [net.minecraft.client.resources.model.ModelManager/]: Missing textures in model oceansdelight:guardian_soup#facing=east,servings=3:
    minecraft:textures/atlas/blocks.png:farmersdelight:block/tray_pie_leftover
[27Sep2026 15:20:16.673] [Worker-ResourceReload-12/WARN] [net.minecraft.client.resources.model.ModelManager/]: Missing textures in model oceansdelight:guardian_soup#facing=south,servings=3:
    minecraft:textures/atlas/blocks.png:farmersdelight:block/tray_pie_leftover
[27Sep2026 15:20:16.673] [Worker-ResourceReload-12/WARN] [net.minecraft.client.resources.model.ModelManager/]: Missing textures in model oceansdelight:guardian_soup#facing=east,servings=4:
    minecraft:textures/atlas/blocks.png:farmersdelight:block/tray_pie_leftover
[27Sep2026 15:20:16.673] [Worker-ResourceReload-12/WARN] [net.minecraft.client.resources.model.ModelManager/]: Missing textures in model oceansdelight:guardian_soup#facing=south,servings=4:
    minecraft:textures/atlas/blocks.png:farmersdelight:block/tray_pie_leftover
[27Sep2026 15:20:16.673] [Worker-ResourceReload-12/WARN] [net.minecraft.client.resources.model.ModelManager/]: Missing textures in model oceansdelight:guardian_soup#facing=south,servings=1:
    minecraft:textures/atlas/blocks.png:farmersdelight:block/tray_pie_leftover
[27Sep2026 15:20:16.673] [Worker-ResourceReload-12/WARN] [net.minecraft.client.resources.model.ModelManager/]: Missing textures in model oceansdelight:guardian_soup#facing=south,servings=2:
    minecraft:textures/atlas/blocks.png:farmersdelight:block/tray_pie_leftover
[27Sep2026 15:20:16.674] [Worker-ResourceReload-12/WARN] [net.minecraft.client.resources.model.ModelManager/]: Missing textures in model oceansdelight:guardian_soup#facing=north,servings=4:
    minecraft:textures/atlas/blocks.png:farmersdelight:block/tray_pie_leftover
[27Sep2026 15:20:16.674] [Worker-ResourceReload-12/WARN] [net.minecraft.client.resources.model.ModelManager/]: Missing textures in model oceansdelight:guardian_soup#facing=east,servings=0:
    minecraft:textures/atlas/blocks.png:farmersdelight:block/tray_pie_leftover
[27Sep2026 15:20:16.674] [Worker-ResourceReload-12/WARN] [net.minecraft.client.resources.model.ModelManager/]: Missing textures in model oceansdelight:guardian_soup#facing=north,servings=3:
    minecraft:textures/atlas/blocks.png:farmersdelight:block/tray_pie_leftover
[27Sep2026 15:20:16.674] [Worker-ResourceReload-12/WARN] [net.minecraft.client.resources.model.ModelManager/]: Missing textures in model oceansdelight:guardian_soup#facing=east,servings=1:
    minecraft:textures/atlas/blocks.png:farmersdelight:block/tray_pie_leftover
[27Sep2026 15:20:16.674] [Worker-ResourceReload-12/WARN] [net.minecraft.client.resources.model.ModelManager/]: Missing textures in model oceansdelight:guardian_soup#facing=west,servings=0:
    minecraft:textures/atlas/blocks.png:farmersdelight:block/tray_pie_leftover
[27Sep2026 15:20:16.674] [Worker-ResourceReload-12/WARN] [net.minecraft.client.resources.model.ModelManager/]: Missing textures in model oceansdelight:guardian_soup#facing=north,servings=2:
    minecraft:textures/atlas/blocks.png:farmersdelight:block/tray_pie_leftover
[27Sep2026 15:20:16.674] [Worker-ResourceReload-12/WARN] [net.minecraft.client.resources.model.ModelManager/]: Missing textures in model oceansdelight:guardian_soup#facing=east,servings=2:
    minecraft:textures/atlas/blocks.png:farmersdelight:block/tray_pie_leftover
[27Sep2026 15:20:16.674] [Worker-ResourceReload-12/WARN] [net.minecraft.client.resources.model.ModelManager/]: Missing textures in model oceansdelight:guardian_soup#facing=north,servings=1:
    minecraft:textures/atlas/blocks.png:farmersdelight:block/tray_pie_leftover
[27Sep2026 15:20:16.674] [Worker-ResourceReload-12/WARN] [net.minecraft.client.resources.model.ModelManager/]: Missing textures in model oceansdelight:guardian_soup#facing=south,servings=0:
    minecraft:textures/atlas/blocks.png:farmersdelight:block/tray_pie_leftover
[27Sep2026 15:20:16.674] [Worker-ResourceReload-12/WARN] [net.minecraft.client.resources.model.ModelManager/]: Missing textures in model oceansdelight:guardian_soup#facing=west,servings=2:
    minecraft:textures/atlas/blocks.png:farmersdelight:block/tray_pie_leftover
[27Sep2026 15:20:16.674] [Worker-ResourceReload-12/WARN] [net.minecraft.client.resources.model.ModelManager/]: Missing textures in model oceansdelight:guardian_soup#facing=north,servings=0:
    minecraft:textures/atlas/blocks.png:farmersdelight:block/tray_pie_leftover
[27Sep2026 15:20:16.674] [Worker-ResourceReload-12/WARN] [net.minecraft.client.resources.model.ModelManager/]: Missing textures in model oceansdelight:guardian_soup#facing=west,servings=1:
    minecraft:textures/atlas/blocks.png:farmersdelight:block/tray_pie_leftover
[27Sep2026 15:20:16.674] [Worker-ResourceReload-12/WARN] [net.minecraft.client.resources.model.ModelManager/]: Missing textures in model oceansdelight:guardian_soup#facing=west,servings=4:
    minecraft:textures/atlas/blocks.png:farmersdelight:block/tray_pie_leftover
[27Sep2026 15:20:16.674] [Worker-ResourceReload-12/WARN] [net.minecraft.client.resources.model.ModelManager/]: Missing textures in model oceansdelight:guardian_soup#facing=west,servings=3:
    minecraft:textures/atlas/blocks.png:farmersdelight:block/tray_pie_leftover
[27Sep2026 15:20:16.787] [Render thread/INFO] [Iris/]: Using shaderpack: ComplementaryReimagined_r5.8.1.zip
[27Sep2026 15:20:16.899] [NeoForge Version Check/INFO] [net.neoforged.fml.VersionChecker/]: [mr_1212_bundlerecipe] Found status: OUTDATED Current: 1.01 Target: 1.01+mod
[27Sep2026 15:20:16.899] [NeoForge Version Check/INFO] [net.neoforged.fml.VersionChecker/]: [mr_pale_gardenremastered] Starting version check at https://api.modrinth.com/updates/A77QDmkY/forge_updates.json?neoforge=only
[27Sep2026 15:20:16.911] [Render thread/INFO] [xaero.map.WorldMap/]: Loading Xaero's World Map - Stage 2/2
[27Sep2026 15:20:16.915] [Render thread/INFO] [xaero.map.WorldMap/]: New world map region cache hash code: -117541129
[27Sep2026 15:20:17.157] [NeoForge Version Check/INFO] [net.neoforged.fml.VersionChecker/]: [mr_pale_gardenremastered] Found status: AHEAD Current: 1-v1.3.4 Target: null
[27Sep2026 15:20:17.157] [NeoForge Version Check/INFO] [net.neoforged.fml.VersionChecker/]: [puzzleslib] Starting version check at https://api.modrinth.com/updates/QAGBst4M/forge_updates.json?neoforge=only
[27Sep2026 15:20:17.409] [NeoForge Version Check/INFO] [net.neoforged.fml.VersionChecker/]: [puzzleslib] Found status: UP_TO_DATE Current: 21.1.60 Target: null
[27Sep2026 15:20:17.817] [Render thread/ERROR] [xaero.map.WorldMap/]: io exception while checking versions: Read timed out
[27Sep2026 15:20:17.818] [Render thread/INFO] [xaero.map.WorldMap/]: Registered player tracker system: map_synced
[27Sep2026 15:20:17.820] [Render thread/INFO] [xaero.map.WorldMap/]: Xaero's WorldMap Mod: Xaero's minimap found!
[27Sep2026 15:20:17.822] [Render thread/INFO] [xaero.map.WorldMap/]: Registered player tracker system: minimap_synced
[27Sep2026 15:20:17.822] [Render thread/INFO] [xaero.map.WorldMap/]: No Optifine!
[27Sep2026 15:20:17.822] [Render thread/INFO] [xaero.map.WorldMap/]: Xaero's World Map: No Vivecraft!
[27Sep2026 15:20:17.822] [Render thread/INFO] [xaero.map.WorldMap/]: Xaero's World Map: Iris found!
[27Sep2026 15:20:17.843] [Render thread/INFO] [xaero.minimap.XaeroMinimap/]: Loading Xaero's Minimap - Stage 2/2
[27Sep2026 15:20:18.829] [Render thread/WARN] [xaero.hud.minimap.MinimapLogs/]: io exception while checking versions: Read timed out
[27Sep2026 15:20:18.830] [Render thread/INFO] [xaero.hud.minimap.MinimapLogs/]: Registered player tracker system: minimap_synced
[27Sep2026 15:20:18.831] [Render thread/INFO] [xaero.lib.XaeroLib/]: Loading XaeroLib common 2/2!
[27Sep2026 15:20:18.831] [Render thread/INFO] [xaero.lib.XaeroLib/]: Loading XaeroLib client 2/2!
[27Sep2026 15:20:19.157] [Render thread/WARN] [net.minecraft.client.sounds.SoundEngine/]: Missing sound for event: minecraft:item.goat_horn.play
[27Sep2026 15:20:19.157] [Render thread/WARN] [net.minecraft.client.sounds.SoundEngine/]: Missing sound for event: minecraft:entity.goat.screaming.horn_break
[27Sep2026 15:20:19.158] [Render thread/WARN] [net.minecraft.client.sounds.SoundEngine/]: Missing sound for event: cataclysm:ignisshieldbreak
[27Sep2026 15:20:19.158] [Render thread/WARN] [net.minecraft.client.sounds.SoundEngine/]: Missing sound for event: cataclysm:lacerton_ambient
[27Sep2026 15:20:19.158] [Render thread/WARN] [net.minecraft.client.sounds.SoundEngine/]: Missing sound for event: cataclysm:lacerton_hurt
[27Sep2026 15:20:19.158] [Render thread/WARN] [net.minecraft.client.sounds.SoundEngine/]: Missing sound for event: cataclysm:lacerton_death
[27Sep2026 15:20:19.556] [Render thread/INFO] [com.mojang.blaze3d.audio.Library/]: OpenAL initialized on device OpenAL Soft on Наушники (ZOOM H6 Audio)
[27Sep2026 15:20:19.556] [Render thread/INFO] [net.minecraft.client.sounds.SoundEngine/SOUNDS]: Sound engine started
[27Sep2026 15:20:19.656] [Render thread/INFO] [com.teamabnormals.blueprint.core.Blueprint/]: Endimation Loader has loaded 1 endimations
[27Sep2026 15:20:19.656] [Render thread/INFO] [net.minecraft.client.renderer.texture.TextureAtlas/]: Created: 2048x2048x4 minecraft:textures/atlas/blocks.png-atlas
[27Sep2026 15:20:19.684] [Render thread/INFO] [net.minecraft.client.renderer.texture.TextureAtlas/]: Created: 512x512x4 minecraft:textures/atlas/signs.png-atlas
[27Sep2026 15:20:19.685] [Render thread/INFO] [net.minecraft.client.renderer.texture.TextureAtlas/]: Created: 512x512x4 minecraft:textures/atlas/shield_patterns.png-atlas
[27Sep2026 15:20:19.686] [Render thread/INFO] [net.minecraft.client.renderer.texture.TextureAtlas/]: Created: 512x512x4 minecraft:textures/atlas/banner_patterns.png-atlas
[27Sep2026 15:20:19.686] [Render thread/INFO] [net.minecraft.client.renderer.texture.TextureAtlas/]: Created: 2048x1024x4 minecraft:textures/atlas/armor_trims.png-atlas
[27Sep2026 15:20:19.692] [Render thread/INFO] [net.minecraft.client.renderer.texture.TextureAtlas/]: Created: 512x256x4 minecraft:textures/atlas/chest.png-atlas
[27Sep2026 15:20:19.693] [Render thread/INFO] [net.minecraft.client.renderer.texture.TextureAtlas/]: Created: 128x64x4 minecraft:textures/atlas/decorated_pot.png-atlas
[27Sep2026 15:20:19.693] [Render thread/INFO] [net.minecraft.client.renderer.texture.TextureAtlas/]: Created: 512x256x4 minecraft:textures/atlas/beds.png-atlas
[27Sep2026 15:20:19.694] [Render thread/INFO] [net.minecraft.client.renderer.texture.TextureAtlas/]: Created: 512x256x4 minecraft:textures/atlas/shulker_boxes.png-atlas
[27Sep2026 15:20:19.842] [Render thread/INFO] [net.minecraft.client.renderer.texture.TextureAtlas/]: Created: 2048x1024x0 minecraft:textures/atlas/particles.png-atlas
[27Sep2026 15:20:19.846] [Render thread/INFO] [net.minecraft.client.renderer.texture.TextureAtlas/]: Created: 512x256x0 minecraft:textures/atlas/paintings.png-atlas
[27Sep2026 15:20:19.847] [Render thread/INFO] [net.minecraft.client.renderer.texture.TextureAtlas/]: Created: 256x256x0 minecraft:textures/atlas/mob_effects.png-atlas
[27Sep2026 15:20:19.847] [Render thread/INFO] [net.minecraft.client.renderer.texture.TextureAtlas/]: Created: 256x256x0 minecraft:textures/atlas/map_decorations.png-atlas
[27Sep2026 15:20:19.848] [Render thread/INFO] [net.minecraft.client.renderer.texture.TextureAtlas/]: Created: 1024x512x0 minecraft:textures/atlas/gui.png-atlas
[27Sep2026 15:20:19.878] [Render thread/WARN] [net.minecraft.client.renderer.ShaderInstance/]: Shader rendertype_entity_translucent_emissive could not find sampler named Sampler2 in the specified shader program.
[27Sep2026 15:20:19.951] [Render thread/INFO] [xaero.lib.XaeroLib/]: Successfully reloaded the XaeroLib shaders!
[27Sep2026 15:20:19.952] [Render thread/INFO] [net.neoforged.neoforge.client.entity.animation.json.AnimationLoader/]: Loaded 0 entity animations
[27Sep2026 15:20:19.952] [Render thread/INFO] [com.teamabnormals.blueprint.core.Blueprint/]: Blueprint Splash Manager has loaded 0 splashes
[27Sep2026 15:20:19.993] [Render thread/INFO] [DistantHorizons-DistantHorizons-com.seibel.distanthorizons.core.jar.updater.SelfUpdater/]: Checking for Distant Horizons [STABLE] update for MC [1.21.1]...
[27Sep2026 15:20:21.807] [Render thread/INFO] [DistantHorizons-DistantHorizons-com.seibel.distanthorizons.core.jar.updater.SelfUpdater/]: Distant Horizons already up to date.
[27Sep2026 15:20:21.837] [Render thread/INFO] [Iris/]: Creating pipeline for dimension minecraft:overworld
[27Sep2026 15:20:21.941] [Render thread/WARN] [Iris/]: Failed to resolve uniform inPaleGarden, reason: Unknown variable: BIOME_PALE_GARDEN ( = FunctionCall{smooth {[Number{54}, FunctionCall{if {[FunctionCall{in {[Id{biome}, Id{BIOME_PALE_GARDEN}]} }, Number{1}, Number{0}]} }, Number{15}, Number{15}]} })
java.lang.RuntimeException: Unknown variable: BIOME_PALE_GARDEN
	at TRANSFORMER/iris@1.8.14-beta.1+mc1.21.1/kroppeb.stareval.resolver.ExpressionResolver.resolveExpressionInternal(ExpressionResolver.java:225) ~[iris-neoforge-1.8.14-beta.1+mc1.21.1.jar%23284!/:?]
	at TRANSFORMER/iris@1.8.14-beta.1+mc1.21.1/kroppeb.stareval.resolver.ExpressionResolver.resolveCallExpressionInternal(ExpressionResolver.java:81) ~[iris-neoforge-1.8.14-beta.1+mc1.21.1.jar%23284!/:?]
	at TRANSFORMER/iris@1.8.14-beta.1+mc1.21.1/kroppeb.stareval.resolver.ExpressionResolver.resolveCallExpression(ExpressionResolver.java:140) ~[iris-neoforge-1.8.14-beta.1+mc1.21.1.jar%23284!/:?]
	at TRANSFORMER/iris@1.8.14-beta.1+mc1.21.1/kroppeb.stareval.resolver.ExpressionResolver.resolveExpressionInternal(ExpressionResolver.java:196) ~[iris-neoforge-1.8.14-beta.1+mc1.21.1.jar%23284!/:?]
	at TRANSFORMER/iris@1.8.14-beta.1+mc1.21.1/kroppeb.stareval.resolver.ExpressionResolver.resolveCallExpressionInternal(ExpressionResolver.java:81) ~[iris-neoforge-1.8.14-beta.1+mc1.21.1.jar%23284!/:?]
	at TRANSFORMER/iris@1.8.14-beta.1+mc1.21.1/kroppeb.stareval.resolver.ExpressionResolver.resolveCallExpression(ExpressionResolver.java:140) ~[iris-neoforge-1.8.14-beta.1+mc1.21.1.jar%23284!/:?]
	at TRANSFORMER/iris@1.8.14-beta.1+mc1.21.1/kroppeb.stareval.resolver.ExpressionResolver.resolveCallExpression(ExpressionResolver.java:127) ~[iris-neoforge-1.8.14-beta.1+mc1.21.1.jar%23284!/:?]
	at TRANSFORMER/iris@1.8.14-beta.1+mc1.21.1/kroppeb.stareval.resolver.ExpressionResolver.resolveExpressionInternal(ExpressionResolver.java:196) ~[iris-neoforge-1.8.14-beta.1+mc1.21.1.jar%23284!/:?]
	at TRANSFORMER/iris@1.8.14-beta.1+mc1.21.1/kroppeb.stareval.resolver.ExpressionResolver.resolveCallExpressionInternal(ExpressionResolver.java:81) ~[iris-neoforge-1.8.14-beta.1+mc1.21.1.jar%23284!/:?]
	at TRANSFORMER/iris@1.8.14-beta.1+mc1.21.1/kroppeb.stareval.resolver.ExpressionResolver.resolveCallExpression(ExpressionResolver.java:140) ~[iris-neoforge-1.8.14-beta.1+mc1.21.1.jar%23284!/:?]
	at TRANSFORMER/iris@1.8.14-beta.1+mc1.21.1/kroppeb.stareval.resolver.ExpressionResolver.resolveExpressionInternal(ExpressionResolver.java:196) ~[iris-neoforge-1.8.14-beta.1+mc1.21.1.jar%23284!/:?]
	at TRANSFORMER/iris@1.8.14-beta.1+mc1.21.1/kroppeb.stareval.resolver.ExpressionResolver.resolveExpression(ExpressionResolver.java:50) ~[iris-neoforge-1.8.14-beta.1+mc1.21.1.jar%23284!/:?]
	at TRANSFORMER/iris@1.8.14-beta.1+mc1.21.1/net.irisshaders.iris.uniforms.custom.CustomUniforms.<init>(CustomUniforms.java:60) ~[iris-neoforge-1.8.14-beta.1+mc1.21.1.jar%23284!/:?]
	at TRANSFORMER/iris@1.8.14-beta.1+mc1.21.1/net.irisshaders.iris.uniforms.custom.CustomUniforms$Builder.build(CustomUniforms.java:332) ~[iris-neoforge-1.8.14-beta.1+mc1.21.1.jar%23284!/:?]
	at TRANSFORMER/iris@1.8.14-beta.1+mc1.21.1/net.irisshaders.iris.uniforms.custom.CustomUniforms$Builder.build(CustomUniforms.java:343) ~[iris-neoforge-1.8.14-beta.1+mc1.21.1.jar%23284!/:?]
	at TRANSFORMER/iris@1.8.14-beta.1+mc1.21.1/net.irisshaders.iris.pipeline.IrisRenderingPipeline.<init>(IrisRenderingPipeline.java:282) ~[iris-neoforge-1.8.14-beta.1+mc1.21.1.jar%23284!/:?]
	at TRANSFORMER/iris@1.8.14-beta.1+mc1.21.1/net.irisshaders.iris.Iris.createPipeline(Iris.java:642) ~[iris-neoforge-1.8.14-beta.1+mc1.21.1.jar%23284!/:?]
	at TRANSFORMER/iris@1.8.14-beta.1+mc1.21.1/net.irisshaders.iris.pipeline.PipelineManager.preparePipeline(PipelineManager.java:33) ~[iris-neoforge-1.8.14-beta.1+mc1.21.1.jar%23284!/:?]
	at TRANSFORMER/iris@1.8.14-beta.1+mc1.21.1/net.irisshaders.iris.Iris.onLoadingComplete(Iris.java:152) ~[iris-neoforge-1.8.14-beta.1+mc1.21.1.jar%23284!/:?]
	at TRANSFORMER/minecraft@1.21.1/net.minecraft.client.gui.screens.TitleScreen.handler$bbd000$iris$firstInit(TitleScreen.java:525) ~[client-1.21.1-20240808.144430-srg.jar%23250!/:?]
	at TRANSFORMER/minecraft@1.21.1/net.minecraft.client.gui.screens.TitleScreen.init(TitleScreen.java:157) ~[client-1.21.1-20240808.144430-srg.jar%23250!/:?]
	at TRANSFORMER/minecraft@1.21.1/net.minecraft.client.gui.screens.Screen.init(Screen.java:317) ~[client-1.21.1-20240808.144430-srg.jar%23250!/:?]
	at TRANSFORMER/minecraft@1.21.1/net.minecraft.client.Minecraft.setScreen(Minecraft.java:1057) ~[client-1.21.1-20240808.144430-srg.jar%23250!/:?]
	at TRANSFORMER/minecraft@1.21.1/net.minecraft.client.Minecraft.lambda$buildInitialScreens$9(Minecraft.java:664) ~[client-1.21.1-20240808.144430-srg.jar%23250!/:?]
	at TRANSFORMER/minecraft@1.21.1/net.minecraft.client.Minecraft.redirect$bgd000$distanthorizons$buildInitialScreens(Minecraft.java:10014) ~[client-1.21.1-20240808.144430-srg.jar%23250!/:?]
	at TRANSFORMER/minecraft@1.21.1/net.minecraft.client.Minecraft.onGameLoadFinished(Minecraft.java:650) ~[client-1.21.1-20240808.144430-srg.jar%23250!/:?]
	at TRANSFORMER/minecraft@1.21.1/net.minecraft.client.Minecraft.onResourceLoadFinished(Minecraft.java:641) ~[client-1.21.1-20240808.144430-srg.jar%23250!/:?]
	at TRANSFORMER/minecraft@1.21.1/net.minecraft.client.Minecraft.lambda$new$7(Minecraft.java:629) ~[client-1.21.1-20240808.144430-srg.jar%23250!/:?]
	at TRANSFORMER/minecraft@1.21.1/net.minecraft.Util.ifElse(Util.java:513) ~[client-1.21.1-20240808.144430-srg.jar%23250!/:?]
	at TRANSFORMER/minecraft@1.21.1/net.minecraft.client.Minecraft.lambda$new$8(Minecraft.java:623) ~[client-1.21.1-20240808.144430-srg.jar%23250!/:?]
	at TRANSFORMER/neoforge@21.1.249/net.neoforged.neoforge.client.loading.NeoForgeLoadingOverlay.render(NeoForgeLoadingOverlay.java:145) ~[neoforge-21.1.249-universal.jar%23251!/:?]
	at TRANSFORMER/minecraft@1.21.1/net.minecraft.client.renderer.GameRenderer.render(GameRenderer.java:1081) ~[client-1.21.1-20240808.144430-srg.jar%23250!/:?]
	at TRANSFORMER/minecraft@1.21.1/net.minecraft.client.Minecraft.runTick(Minecraft.java:1195) ~[client-1.21.1-20240808.144430-srg.jar%23250!/:?]
	at TRANSFORMER/minecraft@1.21.1/net.minecraft.client.Minecraft.run(Minecraft.java:807) ~[client-1.21.1-20240808.144430-srg.jar%23250!/:?]
	at TRANSFORMER/minecraft@1.21.1/net.minecraft.client.main.Main.main(Main.java:230) ~[client-1.21.1-20240808.144430-srg.jar%23250!/:?]
	at java.base/jdk.internal.reflect.DirectMethodHandleAccessor.invoke(DirectMethodHandleAccessor.java:103) ~[?:?]
	at java.base/java.lang.reflect.Method.invoke(Method.java:580) ~[?:?]
	at MC-BOOTSTRAP/fml_loader@4.0.44/net.neoforged.fml.loading.targets.CommonLaunchHandler.runTarget(CommonLaunchHandler.java:136) ~[loader-4.0.44.jar%23161!/:4.0]
	at MC-BOOTSTRAP/fml_loader@4.0.44/net.neoforged.fml.loading.targets.CommonLaunchHandler.clientService(CommonLaunchHandler.java:124) ~[loader-4.0.44.jar%23161!/:4.0]
	at MC-BOOTSTRAP/fml_loader@4.0.44/net.neoforged.fml.loading.targets.CommonClientLaunchHandler.runService(CommonClientLaunchHandler.java:32) ~[loader-4.0.44.jar%23161!/:4.0]
	at MC-BOOTSTRAP/fml_loader@4.0.44/net.neoforged.fml.loading.targets.CommonLaunchHandler.lambda$launchService$4(CommonLaunchHandler.java:118) ~[loader-4.0.44.jar%23161!/:4.0]
	at MC-BOOTSTRAP/cpw.mods.modlauncher@11.0.5/cpw.mods.modlauncher.LaunchServiceHandlerDecorator.launch(LaunchServiceHandlerDecorator.java:30) [modlauncher-11.0.5.jar%23166!/:?]
	at MC-BOOTSTRAP/cpw.mods.modlauncher@11.0.5/cpw.mods.modlauncher.LaunchServiceHandler.launch(LaunchServiceHandler.java:53) [modlauncher-11.0.5.jar%23166!/:?]
	at MC-BOOTSTRAP/cpw.mods.modlauncher@11.0.5/cpw.mods.modlauncher.LaunchServiceHandler.launch(LaunchServiceHandler.java:71) [modlauncher-11.0.5.jar%23166!/:?]
	at MC-BOOTSTRAP/cpw.mods.modlauncher@11.0.5/cpw.mods.modlauncher.Launcher.run(Launcher.java:103) [modlauncher-11.0.5.jar%23166!/:?]
	at MC-BOOTSTRAP/cpw.mods.modlauncher@11.0.5/cpw.mods.modlauncher.Launcher.main(Launcher.java:74) [modlauncher-11.0.5.jar%23166!/:?]
	at MC-BOOTSTRAP/cpw.mods.modlauncher@11.0.5/cpw.mods.modlauncher.BootstrapLaunchConsumer.accept(BootstrapLaunchConsumer.java:26) [modlauncher-11.0.5.jar%23166!/:?]
	at MC-BOOTSTRAP/cpw.mods.modlauncher@11.0.5/cpw.mods.modlauncher.BootstrapLaunchConsumer.accept(BootstrapLaunchConsumer.java:23) [modlauncher-11.0.5.jar%23166!/:?]
	at cpw.mods.bootstraplauncher@2.0.2/cpw.mods.bootstraplauncher.BootstrapLauncher.run(BootstrapLauncher.java:210) [bootstraplauncher-2.0.2.jar:?]
	at cpw.mods.bootstraplauncher@2.0.2/cpw.mods.bootstraplauncher.BootstrapLauncher.main(BootstrapLauncher.java:69) [bootstraplauncher-2.0.2.jar:?]
	at java.base/jdk.internal.reflect.DirectMethodHandleAccessor.invoke(DirectMethodHandleAccessor.java:103) ~[?:?]
	at java.base/java.lang.reflect.Method.invoke(Method.java:580) ~[?:?]
	at io.github.zekerzhayard.forgewrapper.installer.Main.main(Main.java:67) [ForgeWrapper-prism-2026-08-01.jar:prism-2026-08-01]
	at org.prismlauncher.launcher.impl.StandardLauncher.launch(StandardLauncher.java:115) [NewLaunch.jar:?]
	at org.prismlauncher.EntryPoint.listen(EntryPoint.java:129) [NewLaunch.jar:?]
	at org.prismlauncher.EntryPoint.main(EntryPoint.java:70) [NewLaunch.jar:?]
[27Sep2026 15:20:21.943] [Render thread/WARN] [Iris/]: Failed to resolve uniform endFlashFactor0, reason: Unknown variable: endFlashIntensity ( = BinaryExpr{ {FunctionCall{min {[Id{endFlashIntensity}, Number{0.5}]} }} multiply{0} {Number{2.0}} })
java.lang.RuntimeException: Unknown variable: endFlashIntensity
	at TRANSFORMER/iris@1.8.14-beta.1+mc1.21.1/kroppeb.stareval.resolver.ExpressionResolver.resolveExpressionInternal(ExpressionResolver.java:225) ~[iris-neoforge-1.8.14-beta.1+mc1.21.1.jar%23284!/:?]
	at TRANSFORMER/iris@1.8.14-beta.1+mc1.21.1/kroppeb.stareval.resolver.ExpressionResolver.resolveCallExpressionInternal(ExpressionResolver.java:81) ~[iris-neoforge-1.8.14-beta.1+mc1.21.1.jar%23284!/:?]
	at TRANSFORMER/iris@1.8.14-beta.1+mc1.21.1/kroppeb.stareval.resolver.ExpressionResolver.resolveCallExpression(ExpressionResolver.java:111) ~[iris-neoforge-1.8.14-beta.1+mc1.21.1.jar%23284!/:?]
	at TRANSFORMER/iris@1.8.14-beta.1+mc1.21.1/kroppeb.stareval.resolver.ExpressionResolver.resolveExpressionInternal(ExpressionResolver.java:196) ~[iris-neoforge-1.8.14-beta.1+mc1.21.1.jar%23284!/:?]
	at TRANSFORMER/iris@1.8.14-beta.1+mc1.21.1/kroppeb.stareval.resolver.ExpressionResolver.resolveCallExpressionInternal(ExpressionResolver.java:81) ~[iris-neoforge-1.8.14-beta.1+mc1.21.1.jar%23284!/:?]
	at TRANSFORMER/iris@1.8.14-beta.1+mc1.21.1/kroppeb.stareval.resolver.ExpressionResolver.resolveCallExpression(ExpressionResolver.java:111) ~[iris-neoforge-1.8.14-beta.1+mc1.21.1.jar%23284!/:?]
	at TRANSFORMER/iris@1.8.14-beta.1+mc1.21.1/kroppeb.stareval.resolver.ExpressionResolver.resolveExpressionInternal(ExpressionResolver.java:192) ~[iris-neoforge-1.8.14-beta.1+mc1.21.1.jar%23284!/:?]
	at TRANSFORMER/iris@1.8.14-beta.1+mc1.21.1/kroppeb.stareval.resolver.ExpressionResolver.resolveExpression(ExpressionResolver.java:50) ~[iris-neoforge-1.8.14-beta.1+mc1.21.1.jar%23284!/:?]
	at TRANSFORMER/iris@1.8.14-beta.1+mc1.21.1/net.irisshaders.iris.uniforms.custom.CustomUniforms.<init>(CustomUniforms.java:60) ~[iris-neoforge-1.8.14-beta.1+mc1.21.1.jar%23284!/:?]
	at TRANSFORMER/iris@1.8.14-beta.1+mc1.21.1/net.irisshaders.iris.uniforms.custom.CustomUniforms$Builder.build(CustomUniforms.java:332) ~[iris-neoforge-1.8.14-beta.1+mc1.21.1.jar%23284!/:?]
	at TRANSFORMER/iris@1.8.14-beta.1+mc1.21.1/net.irisshaders.iris.uniforms.custom.CustomUniforms$Builder.build(CustomUniforms.java:343) ~[iris-neoforge-1.8.14-beta.1+mc1.21.1.jar%23284!/:?]
	at TRANSFORMER/iris@1.8.14-beta.1+mc1.21.1/net.irisshaders.iris.pipeline.IrisRenderingPipeline.<init>(IrisRenderingPipeline.java:282) ~[iris-neoforge-1.8.14-beta.1+mc1.21.1.jar%23284!/:?]
	at TRANSFORMER/iris@1.8.14-beta.1+mc1.21.1/net.irisshaders.iris.Iris.createPipeline(Iris.java:642) ~[iris-neoforge-1.8.14-beta.1+mc1.21.1.jar%23284!/:?]
	at TRANSFORMER/iris@1.8.14-beta.1+mc1.21.1/net.irisshaders.iris.pipeline.PipelineManager.preparePipeline(PipelineManager.java:33) ~[iris-neoforge-1.8.14-beta.1+mc1.21.1.jar%23284!/:?]
	at TRANSFORMER/iris@1.8.14-beta.1+mc1.21.1/net.irisshaders.iris.Iris.onLoadingComplete(Iris.java:152) ~[iris-neoforge-1.8.14-beta.1+mc1.21.1.jar%23284!/:?]
	at TRANSFORMER/minecraft@1.21.1/net.minecraft.client.gui.screens.TitleScreen.handler$bbd000$iris$firstInit(TitleScreen.java:525) ~[client-1.21.1-20240808.144430-srg.jar%23250!/:?]
	at TRANSFORMER/minecraft@1.21.1/net.minecraft.client.gui.screens.TitleScreen.init(TitleScreen.java:157) ~[client-1.21.1-20240808.144430-srg.jar%23250!/:?]
	at TRANSFORMER/minecraft@1.21.1/net.minecraft.client.gui.screens.Screen.init(Screen.java:317) ~[client-1.21.1-20240808.144430-srg.jar%23250!/:?]
	at TRANSFORMER/minecraft@1.21.1/net.minecraft.client.Minecraft.setScreen(Minecraft.java:1057) ~[client-1.21.1-20240808.144430-srg.jar%23250!/:?]
	at TRANSFORMER/minecraft@1.21.1/net.minecraft.client.Minecraft.lambda$buildInitialScreens$9(Minecraft.java:664) ~[client-1.21.1-20240808.144430-srg.jar%23250!/:?]
	at TRANSFORMER/minecraft@1.21.1/net.minecraft.client.Minecraft.redirect$bgd000$distanthorizons$buildInitialScreens(Minecraft.java:10014) ~[client-1.21.1-20240808.144430-srg.jar%23250!/:?]
	at TRANSFORMER/minecraft@1.21.1/net.minecraft.client.Minecraft.onGameLoadFinished(Minecraft.java:650) ~[client-1.21.1-20240808.144430-srg.jar%23250!/:?]
	at TRANSFORMER/minecraft@1.21.1/net.minecraft.client.Minecraft.onResourceLoadFinished(Minecraft.java:641) ~[client-1.21.1-20240808.144430-srg.jar%23250!/:?]
	at TRANSFORMER/minecraft@1.21.1/net.minecraft.client.Minecraft.lambda$new$7(Minecraft.java:629) ~[client-1.21.1-20240808.144430-srg.jar%23250!/:?]
	at TRANSFORMER/minecraft@1.21.1/net.minecraft.Util.ifElse(Util.java:513) ~[client-1.21.1-20240808.144430-srg.jar%23250!/:?]
	at TRANSFORMER/minecraft@1.21.1/net.minecraft.client.Minecraft.lambda$new$8(Minecraft.java:623) ~[client-1.21.1-20240808.144430-srg.jar%23250!/:?]
	at TRANSFORMER/neoforge@21.1.249/net.neoforged.neoforge.client.loading.NeoForgeLoadingOverlay.render(NeoForgeLoadingOverlay.java:145) ~[neoforge-21.1.249-universal.jar%23251!/:?]
	at TRANSFORMER/minecraft@1.21.1/net.minecraft.client.renderer.GameRenderer.render(GameRenderer.java:1081) ~[client-1.21.1-20240808.144430-srg.jar%23250!/:?]
	at TRANSFORMER/minecraft@1.21.1/net.minecraft.client.Minecraft.runTick(Minecraft.java:1195) ~[client-1.21.1-20240808.144430-srg.jar%23250!/:?]
	at TRANSFORMER/minecraft@1.21.1/net.minecraft.client.Minecraft.run(Minecraft.java:807) ~[client-1.21.1-20240808.144430-srg.jar%23250!/:?]
	at TRANSFORMER/minecraft@1.21.1/net.minecraft.client.main.Main.main(Main.java:230) ~[client-1.21.1-20240808.144430-srg.jar%23250!/:?]
	at java.base/jdk.internal.reflect.DirectMethodHandleAccessor.invoke(DirectMethodHandleAccessor.java:103) ~[?:?]
	at java.base/java.lang.reflect.Method.invoke(Method.java:580) ~[?:?]
	at MC-BOOTSTRAP/fml_loader@4.0.44/net.neoforged.fml.loading.targets.CommonLaunchHandler.runTarget(CommonLaunchHandler.java:136) ~[loader-4.0.44.jar%23161!/:4.0]
	at MC-BOOTSTRAP/fml_loader@4.0.44/net.neoforged.fml.loading.targets.CommonLaunchHandler.clientService(CommonLaunchHandler.java:124) ~[loader-4.0.44.jar%23161!/:4.0]
	at MC-BOOTSTRAP/fml_loader@4.0.44/net.neoforged.fml.loading.targets.CommonClientLaunchHandler.runService(CommonClientLaunchHandler.java:32) ~[loader-4.0.44.jar%23161!/:4.0]
	at MC-BOOTSTRAP/fml_loader@4.0.44/net.neoforged.fml.loading.targets.CommonLaunchHandler.lambda$launchService$4(CommonLaunchHandler.java:118) ~[loader-4.0.44.jar%23161!/:4.0]
	at MC-BOOTSTRAP/cpw.mods.modlauncher@11.0.5/cpw.mods.modlauncher.LaunchServiceHandlerDecorator.launch(LaunchServiceHandlerDecorator.java:30) [modlauncher-11.0.5.jar%23166!/:?]
	at MC-BOOTSTRAP/cpw.mods.modlauncher@11.0.5/cpw.mods.modlauncher.LaunchServiceHandler.launch(LaunchServiceHandler.java:53) [modlauncher-11.0.5.jar%23166!/:?]
	at MC-BOOTSTRAP/cpw.mods.modlauncher@11.0.5/cpw.mods.modlauncher.LaunchServiceHandler.launch(LaunchServiceHandler.java:71) [modlauncher-11.0.5.jar%23166!/:?]
	at MC-BOOTSTRAP/cpw.mods.modlauncher@11.0.5/cpw.mods.modlauncher.Launcher.run(Launcher.java:103) [modlauncher-11.0.5.jar%23166!/:?]
	at MC-BOOTSTRAP/cpw.mods.modlauncher@11.0.5/cpw.mods.modlauncher.Launcher.main(Launcher.java:74) [modlauncher-11.0.5.jar%23166!/:?]
	at MC-BOOTSTRAP/cpw.mods.modlauncher@11.0.5/cpw.mods.modlauncher.BootstrapLaunchConsumer.accept(BootstrapLaunchConsumer.java:26) [modlauncher-11.0.5.jar%23166!/:?]
	at MC-BOOTSTRAP/cpw.mods.modlauncher@11.0.5/cpw.mods.modlauncher.BootstrapLaunchConsumer.accept(BootstrapLaunchConsumer.java:23) [modlauncher-11.0.5.jar%23166!/:?]
	at cpw.mods.bootstraplauncher@2.0.2/cpw.mods.bootstraplauncher.BootstrapLauncher.run(BootstrapLauncher.java:210) [bootstraplauncher-2.0.2.jar:?]
	at cpw.mods.bootstraplauncher@2.0.2/cpw.mods.bootstraplauncher.BootstrapLauncher.main(BootstrapLauncher.java:69) [bootstraplauncher-2.0.2.jar:?]
	at java.base/jdk.internal.reflect.DirectMethodHandleAccessor.invoke(DirectMethodHandleAccessor.java:103) ~[?:?]
	at java.base/java.lang.reflect.Method.invoke(Method.java:580) ~[?:?]
	at io.github.zekerzhayard.forgewrapper.installer.Main.main(Main.java:67) [ForgeWrapper-prism-2026-08-01.jar:prism-2026-08-01]
	at org.prismlauncher.launcher.impl.StandardLauncher.launch(StandardLauncher.java:115) [NewLaunch.jar:?]
	at org.prismlauncher.EntryPoint.listen(EntryPoint.java:129) [NewLaunch.jar:?]
	at org.prismlauncher.EntryPoint.main(EntryPoint.java:70) [NewLaunch.jar:?]
[27Sep2026 15:20:21.946] [Render thread/WARN] [Iris/]: The following uniforms won't work, either because they are broken, or reference a broken uniform: 
endFlashIntensityM, endFlashFactor1
[27Sep2026 15:20:22.543] [Render thread/WARN] [Iris/]: Type is VERTEX
[27Sep2026 15:20:22.548] [Render thread/WARN] [Iris/]: Type is FRAGMENT
[27Sep2026 15:20:22.572] [Render thread/WARN] [Iris/]: Type is VERTEX
[27Sep2026 15:20:22.575] [Render thread/WARN] [Iris/]: Type is FRAGMENT
[27Sep2026 15:20:22.601] [Render thread/WARN] [Iris/]: Type is VERTEX
[27Sep2026 15:20:22.602] [Render thread/WARN] [Iris/]: Type is FRAGMENT
[27Sep2026 15:20:23.853] [Render thread/WARN] [ModernFix/]: Game took 28.742 seconds to start
[27Sep2026 15:20:30.072] [Render thread/INFO] [com.teamabnormals.blueprint.core.Blueprint/]: Successfully loaded 0 data remolders!
[27Sep2026 15:20:30.657] [Render thread/ERROR] [net.minecraft.resources.RegistryDataLoader/]: Registry loading errors:
> Errors in registry blueprint:modded_biome_slices:
>> Errors in element autumnity:autumn:
java.lang.IllegalStateException: Failed to parse autumnity:blueprint/modded_biome_slices/autumn.json from pack mod/autumnity
	at TRANSFORMER/minecraft@1.21.1/net.minecraft.resources.RegistryDataLoader.loadContentsFromManager(RegistryDataLoader.java:243)
	at TRANSFORMER/minecraft@1.21.1/net.minecraft.resources.RegistryDataLoader$Loader.loadFromResources(RegistryDataLoader.java:295)
	at TRANSFORMER/minecraft@1.21.1/net.minecraft.resources.RegistryDataLoader.lambda$load$2(RegistryDataLoader.java:118)
	at TRANSFORMER/minecraft@1.21.1/net.minecraft.resources.RegistryDataLoader.lambda$load$5(RegistryDataLoader.java:138)
	at java.base/java.lang.Iterable.forEach(Iterable.java:75)
	at TRANSFORMER/minecraft@1.21.1/net.minecraft.resources.RegistryDataLoader.load(RegistryDataLoader.java:138)
	at TRANSFORMER/minecraft@1.21.1/net.minecraft.resources.RegistryDataLoader.load(RegistryDataLoader.java:118)
	at TRANSFORMER/minecraft@1.21.1/net.minecraft.server.WorldLoader.loadLayer(WorldLoader.java:76)
	at TRANSFORMER/minecraft@1.21.1/net.minecraft.server.WorldLoader.loadAndReplaceLayer(WorldLoader.java:82)
	at TRANSFORMER/minecraft@1.21.1/net.minecraft.server.WorldLoader.load(WorldLoader.java:35)
	at TRANSFORMER/minecraft@1.21.1/net.minecraft.client.gui.screens.worldselection.CreateWorldScreen.openFresh(CreateWorldScreen.java:123)
	at TRANSFORMER/minecraft@1.21.1/net.minecraft.client.gui.screens.worldselection.SelectWorldScreen.lambda$init$2(SelectWorldScreen.java:54)
	at TRANSFORMER/minecraft@1.21.1/net.minecraft.client.gui.components.Button.onPress(Button.java:41)
	at TRANSFORMER/minecraft@1.21.1/net.minecraft.client.gui.components.AbstractButton.onClick(AbstractButton.java:47)
	at TRANSFORMER/neoforge@21.1.249/net.neoforged.neoforge.client.extensions.IAbstractWidgetExtension.onClick(IAbstractWidgetExtension.java:36)
	at TRANSFORMER/minecraft@1.21.1/net.minecraft.client.gui.components.AbstractWidget.mouseClicked(AbstractWidget.java:144)
	at TRANSFORMER/minecraft@1.21.1/net.minecraft.client.gui.components.events.ContainerEventHandler.mouseClicked(ContainerEventHandler.java:38)
	at TRANSFORMER/minecraft@1.21.1/net.minecraft.client.MouseHandler.lambda$onPress$0(MouseHandler.java:98)
	at TRANSFORMER/minecraft@1.21.1/net.minecraft.client.gui.screens.Screen.wrapScreenError(Screen.java:451)
	at TRANSFORMER/minecraft@1.21.1/net.minecraft.client.MouseHandler.onPress(MouseHandler.java:95)
	at TRANSFORMER/minecraft@1.21.1/net.minecraft.client.MouseHandler.lambda$setup$4(MouseHandler.java:202)
	at TRANSFORMER/minecraft@1.21.1/net.minecraft.util.thread.BlockableEventLoop.execute(BlockableEventLoop.java:98)
	at TRANSFORMER/minecraft@1.21.1/net.minecraft.client.MouseHandler.lambda$setup$5(MouseHandler.java:202)
	at MC-BOOTSTRAP/org.lwjgl.glfw@3.3.3+5/org.lwjgl.glfw.GLFWMouseButtonCallbackI.callback(GLFWMouseButtonCallbackI.java:43)
	at MC-BOOTSTRAP/org.lwjgl@3.3.3+5/org.lwjgl.system.JNI.invokeV(Native Method)
	at MC-BOOTSTRAP/org.lwjgl.glfw@3.3.3+5/org.lwjgl.glfw.GLFW.glfwWaitEventsTimeout(GLFW.java:3509)
	at TRANSFORMER/minecraft@1.21.1/com.mojang.blaze3d.systems.RenderSystem.limitDisplayFPS(RenderSystem.java:162)
	at TRANSFORMER/minecraft@1.21.1/net.minecraft.client.Minecraft.runTick(Minecraft.java:1220)
	at TRANSFORMER/minecraft@1.21.1/net.minecraft.client.Minecraft.run(Minecraft.java:807)
	at TRANSFORMER/minecraft@1.21.1/net.minecraft.client.main.Main.main(Main.java:230)
	at java.base/jdk.internal.reflect.DirectMethodHandleAccessor.invoke(DirectMethodHandleAccessor.java:103)
	at java.base/java.lang.reflect.Method.invoke(Method.java:580)
	at MC-BOOTSTRAP/fml_loader@4.0.44/net.neoforged.fml.loading.targets.CommonLaunchHandler.runTarget(CommonLaunchHandler.java:136)
	at MC-BOOTSTRAP/fml_loader@4.0.44/net.neoforged.fml.loading.targets.CommonLaunchHandler.clientService(CommonLaunchHandler.java:124)
	at MC-BOOTSTRAP/fml_loader@4.0.44/net.neoforged.fml.loading.targets.CommonClientLaunchHandler.runService(CommonClientLaunchHandler.java:32)
	at MC-BOOTSTRAP/fml_loader@4.0.44/net.neoforged.fml.loading.targets.CommonLaunchHandler.lambda$launchService$4(CommonLaunchHandler.java:118)
	at MC-BOOTSTRAP/cpw.mods.modlauncher@11.0.5/cpw.mods.modlauncher.LaunchServiceHandlerDecorator.launch(LaunchServiceHandlerDecorator.java:30)
	at MC-BOOTSTRAP/cpw.mods.modlauncher@11.0.5/cpw.mods.modlauncher.LaunchServiceHandler.launch(LaunchServiceHandler.java:53)
	at MC-BOOTSTRAP/cpw.mods.modlauncher@11.0.5/cpw.mods.modlauncher.LaunchServiceHandler.launch(LaunchServiceHandler.java:71)
	at MC-BOOTSTRAP/cpw.mods.modlauncher@11.0.5/cpw.mods.modlauncher.Launcher.run(Launcher.java:103)
	at MC-BOOTSTRAP/cpw.mods.modlauncher@11.0.5/cpw.mods.modlauncher.Launcher.main(Launcher.java:74)
	at MC-BOOTSTRAP/cpw.mods.modlauncher@11.0.5/cpw.mods.modlauncher.BootstrapLaunchConsumer.accept(BootstrapLaunchConsumer.java:26)
	at MC-BOOTSTRAP/cpw.mods.modlauncher@11.0.5/cpw.mods.modlauncher.BootstrapLaunchConsumer.accept(BootstrapLaunchConsumer.java:23)
	at cpw.mods.bootstraplauncher@2.0.2/cpw.mods.bootstraplauncher.BootstrapLauncher.run(BootstrapLauncher.java:210)
	at cpw.mods.bootstraplauncher@2.0.2/cpw.mods.bootstraplauncher.BootstrapLauncher.main(BootstrapLauncher.java:69)
	at java.base/jdk.internal.reflect.DirectMethodHandleAccessor.invoke(DirectMethodHandleAccessor.java:103)
	at java.base/java.lang.reflect.Method.invoke(Method.java:580)
	at io.github.zekerzhayard.forgewrapper.installer.Main.main(Main.java:67)
	at org.prismlauncher.launcher.impl.StandardLauncher.launch(StandardLauncher.java:115)
	at org.prismlauncher.EntryPoint.listen(EntryPoint.java:129)
	at org.prismlauncher.EntryPoint.main(EntryPoint.java:70)
Caused by: java.lang.IllegalStateException: Failed to parse either. First: Failed to parse either. First: Not a JSON object: []; Second: Not a JSON object: []; Second: List must have contents; Not a JSON object: []; No key weight in MapLike[{"levels":["minecraft:overworld"],"provider":{"type":"blueprint:multi_noise","areas":[],"biomes":[]}}]
	at MC-BOOTSTRAP/datafixerupper@8.0.16/com.mojang.serialization.DataResult$Error.getOrThrow(DataResult.java:287)
	at MC-BOOTSTRAP/datafixerupper@8.0.16/com.mojang.serialization.DataResult.getOrThrow(DataResult.java:81)
	at TRANSFORMER/minecraft@1.21.1/net.minecraft.resources.RegistryDataLoader.loadElementFromResource(RegistryDataLoader.java:211)
	at TRANSFORMER/minecraft@1.21.1/net.minecraft.resources.RegistryDataLoader.loadContentsFromManager(RegistryDataLoader.java:238)
	... 50 more

[27Sep2026 15:20:30.658] [Render thread/WARN] [ModernFix/]: Initial datapack load took 619.2 ms
[27Sep2026 15:20:30.702] [Render thread/ERROR] [net.minecraft.client.Minecraft/FATAL]: Reported exception thrown!
net.minecraft.ReportedException: mouseClicked event handler
	at TRANSFORMER/minecraft@1.21.1/net.minecraft.client.gui.screens.Screen.wrapScreenError(Screen.java:456) ~[client-1.21.1-20240808.144430-srg.jar%23250!/:?]
	at TRANSFORMER/minecraft@1.21.1/net.minecraft.client.MouseHandler.onPress(MouseHandler.java:95) ~[client-1.21.1-20240808.144430-srg.jar%23250!/:?]
	at TRANSFORMER/minecraft@1.21.1/net.minecraft.client.MouseHandler.lambda$setup$4(MouseHandler.java:202) ~[client-1.21.1-20240808.144430-srg.jar%23250!/:?]
	at TRANSFORMER/minecraft@1.21.1/net.minecraft.util.thread.BlockableEventLoop.execute(BlockableEventLoop.java:98) ~[client-1.21.1-20240808.144430-srg.jar%23250!/:?]
	at TRANSFORMER/minecraft@1.21.1/net.minecraft.client.MouseHandler.lambda$setup$5(MouseHandler.java:202) ~[client-1.21.1-20240808.144430-srg.jar%23250!/:?]
	at MC-BOOTSTRAP/org.lwjgl.glfw@3.3.3+5/org.lwjgl.glfw.GLFWMouseButtonCallbackI.callback(GLFWMouseButtonCallbackI.java:43) ~[lwjgl-glfw-3.3.3.jar%23109!/:build 5]
	at MC-BOOTSTRAP/org.lwjgl@3.3.3+5/org.lwjgl.system.JNI.invokeV(Native Method) ~[lwjgl-3.3.3.jar%23121!/:build 5]
	at MC-BOOTSTRAP/org.lwjgl.glfw@3.3.3+5/org.lwjgl.glfw.GLFW.glfwWaitEventsTimeout(GLFW.java:3509) ~[lwjgl-glfw-3.3.3.jar%23109!/:build 5]
	at TRANSFORMER/minecraft@1.21.1/com.mojang.blaze3d.systems.RenderSystem.limitDisplayFPS(RenderSystem.java:162) ~[client-1.21.1-20240808.144430-srg.jar%23250!/:?]
	at TRANSFORMER/minecraft@1.21.1/net.minecraft.client.Minecraft.runTick(Minecraft.java:1220) ~[client-1.21.1-20240808.144430-srg.jar%23250!/:?]
	at TRANSFORMER/minecraft@1.21.1/net.minecraft.client.Minecraft.run(Minecraft.java:807) ~[client-1.21.1-20240808.144430-srg.jar%23250!/:?]
	at TRANSFORMER/minecraft@1.21.1/net.minecraft.client.main.Main.main(Main.java:230) ~[client-1.21.1-20240808.144430-srg.jar%23250!/:?]
	at java.base/jdk.internal.reflect.DirectMethodHandleAccessor.invoke(DirectMethodHandleAccessor.java:103) ~[?:?]
	at java.base/java.lang.reflect.Method.invoke(Method.java:580) ~[?:?]
	at MC-BOOTSTRAP/fml_loader@4.0.44/net.neoforged.fml.loading.targets.CommonLaunchHandler.runTarget(CommonLaunchHandler.java:136) ~[loader-4.0.44.jar%23161!/:4.0]
	at MC-BOOTSTRAP/fml_loader@4.0.44/net.neoforged.fml.loading.targets.CommonLaunchHandler.clientService(CommonLaunchHandler.java:124) ~[loader-4.0.44.jar%23161!/:4.0]
	at MC-BOOTSTRAP/fml_loader@4.0.44/net.neoforged.fml.loading.targets.CommonClientLaunchHandler.runService(CommonClientLaunchHandler.java:32) ~[loader-4.0.44.jar%23161!/:4.0]
	at MC-BOOTSTRAP/fml_loader@4.0.44/net.neoforged.fml.loading.targets.CommonLaunchHandler.lambda$launchService$4(CommonLaunchHandler.java:118) ~[loader-4.0.44.jar%23161!/:4.0]
	at MC-BOOTSTRAP/cpw.mods.modlauncher@11.0.5/cpw.mods.modlauncher.LaunchServiceHandlerDecorator.launch(LaunchServiceHandlerDecorator.java:30) [modlauncher-11.0.5.jar%23166!/:?]
	at MC-BOOTSTRAP/cpw.mods.modlauncher@11.0.5/cpw.mods.modlauncher.LaunchServiceHandler.launch(LaunchServiceHandler.java:53) [modlauncher-11.0.5.jar%23166!/:?]
	at MC-BOOTSTRAP/cpw.mods.modlauncher@11.0.5/cpw.mods.modlauncher.LaunchServiceHandler.launch(LaunchServiceHandler.java:71) [modlauncher-11.0.5.jar%23166!/:?]
	at MC-BOOTSTRAP/cpw.mods.modlauncher@11.0.5/cpw.mods.modlauncher.Launcher.run(Launcher.java:103) [modlauncher-11.0.5.jar%23166!/:?]
	at MC-BOOTSTRAP/cpw.mods.modlauncher@11.0.5/cpw.mods.modlauncher.Launcher.main(Launcher.java:74) [modlauncher-11.0.5.jar%23166!/:?]
	at MC-BOOTSTRAP/cpw.mods.modlauncher@11.0.5/cpw.mods.modlauncher.BootstrapLaunchConsumer.accept(BootstrapLaunchConsumer.java:26) [modlauncher-11.0.5.jar%23166!/:?]
	at MC-BOOTSTRAP/cpw.mods.modlauncher@11.0.5/cpw.mods.modlauncher.BootstrapLaunchConsumer.accept(BootstrapLaunchConsumer.java:23) [modlauncher-11.0.5.jar%23166!/:?]
	at cpw.mods.bootstraplauncher@2.0.2/cpw.mods.bootstraplauncher.BootstrapLauncher.run(BootstrapLauncher.java:210) [bootstraplauncher-2.0.2.jar:?]
	at cpw.mods.bootstraplauncher@2.0.2/cpw.mods.bootstraplauncher.BootstrapLauncher.main(BootstrapLauncher.java:69) [bootstraplauncher-2.0.2.jar:?]
	at java.base/jdk.internal.reflect.DirectMethodHandleAccessor.invoke(DirectMethodHandleAccessor.java:103) ~[?:?]
	at java.base/java.lang.reflect.Method.invoke(Method.java:580) ~[?:?]
	at io.github.zekerzhayard.forgewrapper.installer.Main.main(Main.java:67) [ForgeWrapper-prism-2026-08-01.jar:prism-2026-08-01]
	at org.prismlauncher.launcher.impl.StandardLauncher.launch(StandardLauncher.java:115) [NewLaunch.jar:?]
	at org.prismlauncher.EntryPoint.listen(EntryPoint.java:129) [NewLaunch.jar:?]
	at org.prismlauncher.EntryPoint.main(EntryPoint.java:70) [NewLaunch.jar:?]
Caused by: java.lang.IllegalStateException: Failed to load registries due to above errors
	at TRANSFORMER/minecraft@1.21.1/net.minecraft.resources.RegistryDataLoader.load(RegistryDataLoader.java:154) ~[client-1.21.1-20240808.144430-srg.jar%23250!/:?]
	at TRANSFORMER/minecraft@1.21.1/net.minecraft.resources.RegistryDataLoader.load(RegistryDataLoader.java:118) ~[client-1.21.1-20240808.144430-srg.jar%23250!/:?]
	at TRANSFORMER/minecraft@1.21.1/net.minecraft.server.WorldLoader.loadLayer(WorldLoader.java:76) ~[client-1.21.1-20240808.144430-srg.jar%23250!/:?]
	at TRANSFORMER/minecraft@1.21.1/net.minecraft.server.WorldLoader.loadAndReplaceLayer(WorldLoader.java:82) ~[client-1.21.1-20240808.144430-srg.jar%23250!/:?]
	at TRANSFORMER/minecraft@1.21.1/net.minecraft.server.WorldLoader.load(WorldLoader.java:35) ~[client-1.21.1-20240808.144430-srg.jar%23250!/:?]
	at TRANSFORMER/minecraft@1.21.1/net.minecraft.client.gui.screens.worldselection.CreateWorldScreen.openFresh(CreateWorldScreen.java:123) ~[client-1.21.1-20240808.144430-srg.jar%23250!/:?]
	at TRANSFORMER/minecraft@1.21.1/net.minecraft.client.gui.screens.worldselection.SelectWorldScreen.lambda$init$2(SelectWorldScreen.java:54) ~[client-1.21.1-20240808.144430-srg.jar%23250!/:?]
	at TRANSFORMER/minecraft@1.21.1/net.minecraft.client.gui.components.Button.onPress(Button.java:41) ~[client-1.21.1-20240808.144430-srg.jar%23250!/:?]
	at TRANSFORMER/minecraft@1.21.1/net.minecraft.client.gui.components.AbstractButton.onClick(AbstractButton.java:47) ~[client-1.21.1-20240808.144430-srg.jar%23250!/:?]
	at TRANSFORMER/neoforge@21.1.249/net.neoforged.neoforge.client.extensions.IAbstractWidgetExtension.onClick(IAbstractWidgetExtension.java:36) ~[neoforge-21.1.249-universal.jar%23251!/:?]
	at TRANSFORMER/minecraft@1.21.1/net.minecraft.client.gui.components.AbstractWidget.mouseClicked(AbstractWidget.java:144) ~[client-1.21.1-20240808.144430-srg.jar%23250!/:?]
	at TRANSFORMER/minecraft@1.21.1/net.minecraft.client.gui.components.events.ContainerEventHandler.mouseClicked(ContainerEventHandler.java:38) ~[client-1.21.1-20240808.144430-srg.jar%23250!/:?]
	at TRANSFORMER/minecraft@1.21.1/net.minecraft.client.MouseHandler.lambda$onPress$0(MouseHandler.java:98) ~[client-1.21.1-20240808.144430-srg.jar%23250!/:?]
	at TRANSFORMER/minecraft@1.21.1/net.minecraft.client.gui.screens.Screen.wrapScreenError(Screen.java:451) ~[client-1.21.1-20240808.144430-srg.jar%23250!/:?]
	... 32 more
[27Sep2026 15:20:30.940] [Render thread/FATAL] [net.neoforged.neoforge.common.NeoForgeMod/]: Preparing crash report with UUID 93eb7d91-fee5-4816-89ed-299a88e17256
[27Sep2026 15:20:30.941] [Render thread/INFO] [STDOUT/]: [net.minecraft.server.Bootstrap:realStdoutPrintln:135]: ---- Minecraft Crash Report ----
// You're mean.

Time: 2026-09-27 15:20:30
Description: mouseClicked event handler

java.lang.IllegalStateException: Failed to load registries due to above errors
	at TRANSFORMER/minecraft@1.21.1/net.minecraft.resources.RegistryDataLoader.load(RegistryDataLoader.java:154) ~[client-1.21.1-20240808.144430-srg.jar%23250!/:?] {re:mixin,re:classloading,pl:mixin:APP:lithostitched.mixins.json:common.predicate.RegistryDataLoaderMixin from mod lithostitched,pl:mixin:A}
	at TRANSFORMER/minecraft@1.21.1/net.minecraft.resources.RegistryDataLoader.load(RegistryDataLoader.java:118) ~[client-1.21.1-20240808.144430-srg.jar%23250!/:?] {re:mixin,re:classloading,pl:mixin:APP:lithostitched.mixins.json:common.predicate.RegistryDataLoaderMixin from mod lithostitched,pl:mixin:A}
	at TRANSFORMER/minecraft@1.21.1/net.minecraft.server.WorldLoader.loadLayer(WorldLoader.java:76) ~[client-1.21.1-20240808.144430-srg.jar%23250!/:?] {re:mixin,re:classloading,pl:mixin:APP:modernfix-modernfix.mixins.json:feature.measure_time.WorldLoaderMixin from mod modernfix,pl:mixin:APP:modernfix-modernfix.mixins.json:core.WorldLoaderMixin from mod modernfix,pl:mixin:APP:moonlight-common.mixins.json:WorldLoaderMixin from mod moonlight,pl:mixin:A}
	at TRANSFORMER/minecraft@1.21.1/net.minecraft.server.WorldLoader.loadAndReplaceLayer(WorldLoader.java:82) ~[client-1.21.1-20240808.144430-srg.jar%23250!/:?] {re:mixin,re:classloading,pl:mixin:APP:modernfix-modernfix.mixins.json:feature.measure_time.WorldLoaderMixin from mod modernfix,pl:mixin:APP:modernfix-modernfix.mixins.json:core.WorldLoaderMixin from mod modernfix,pl:mixin:APP:moonlight-common.mixins.json:WorldLoaderMixin from mod moonlight,pl:mixin:A}
	at TRANSFORMER/minecraft@1.21.1/net.minecraft.server.WorldLoader.load(WorldLoader.java:35) ~[client-1.21.1-20240808.144430-srg.jar%23250!/:?] {re:mixin,re:classloading,pl:mixin:APP:modernfix-modernfix.mixins.json:feature.measure_time.WorldLoaderMixin from mod modernfix,pl:mixin:APP:modernfix-modernfix.mixins.json:core.WorldLoaderMixin from mod modernfix,pl:mixin:APP:moonlight-common.mixins.json:WorldLoaderMixin from mod moonlight,pl:mixin:A}
	at TRANSFORMER/minecraft@1.21.1/net.minecraft.client.gui.screens.worldselection.CreateWorldScreen.openFresh(CreateWorldScreen.java:123) ~[client-1.21.1-20240808.144430-srg.jar%23250!/:?] {re:mixin,pl:runtimedistcleaner:A,re:classloading,pl:mixin:APP:modernfix-modernfix.mixins.json:perf.dedicated_reload_executor.CreateWorldScreenMixin from mod modernfix,pl:mixin:APP:modernfix-modernfix.mixins.json:bugfix.extra_experimental_screen.CreateWorldScreenMixin from mod modernfix,pl:mixin:A,pl:runtimedistcleaner:A}
	at TRANSFORMER/minecraft@1.21.1/net.minecraft.client.gui.screens.worldselection.SelectWorldScreen.lambda$init$2(SelectWorldScreen.java:54) ~[client-1.21.1-20240808.144430-srg.jar%23250!/:?] {re:classloading}
	at TRANSFORMER/minecraft@1.21.1/net.minecraft.client.gui.components.Button.onPress(Button.java:41) ~[client-1.21.1-20240808.144430-srg.jar%23250!/:?] {re:mixin,pl:runtimedistcleaner:A,re:classloading,pl:mixin:APP:owo.mixins.json:ui.access.ButtonWidgetAccessor from mod owo,pl:mixin:A,pl:runtimedistcleaner:A}
	at TRANSFORMER/minecraft@1.21.1/net.minecraft.client.gui.components.AbstractButton.onClick(AbstractButton.java:47) ~[client-1.21.1-20240808.144430-srg.jar%23250!/:?] {re:mixin,pl:accesstransformer:B,pl:runtimedistcleaner:A,re:classloading,pl:accesstransformer:B,pl:mixin:APP:xaerolib.mixins.json:MixinAbstractButton from mod xaerolib,pl:mixin:A,pl:runtimedistcleaner:A}
	at TRANSFORMER/neoforge@21.1.249/net.neoforged.neoforge.client.extensions.IAbstractWidgetExtension.onClick(IAbstractWidgetExtension.java:36) ~[neoforge-21.1.249-universal.jar%23251!/:?] {re:mixin,re:classloading}
	at TRANSFORMER/minecraft@1.21.1/net.minecraft.client.gui.components.AbstractWidget.mouseClicked(AbstractWidget.java:144) ~[client-1.21.1-20240808.144430-srg.jar%23250!/:?] {re:mixin,pl:accesstransformer:B,pl:runtimedistcleaner:A,re:classloading,pl:accesstransformer:B,pl:mixin:APP:owo.mixins.json:ui.ClickableWidgetMixin from mod owo,pl:mixin:APP:owo.mixins.json:ui.access.ClickableWidgetAccessor from mod owo,pl:mixin:A,pl:runtimedistcleaner:A}
	at TRANSFORMER/minecraft@1.21.1/net.minecraft.client.gui.components.events.ContainerEventHandler.mouseClicked(ContainerEventHandler.java:38) ~[client-1.21.1-20240808.144430-srg.jar%23250!/:?] {re:computing_frames,re:mixin,re:classloading}
	at TRANSFORMER/minecraft@1.21.1/net.minecraft.client.MouseHandler.lambda$onPress$0(MouseHandler.java:98) ~[client-1.21.1-20240808.144430-srg.jar%23250!/:?] {re:mixin,pl:accesstransformer:B,pl:runtimedistcleaner:A,re:classloading,pl:accesstransformer:B,pl:mixin:APP:owo.mixins.json:ui.layers.MouseMixin from mod owo,pl:mixin:APP:balm.neoforge.mixins.json:MouseHandlerAccessor from mod balm,pl:mixin:APP:creativecore.mixins.json:MouseHandlerAccessor from mod creativecore,pl:mixin:A,pl:runtimedistcleaner:A}
	at TRANSFORMER/minecraft@1.21.1/net.minecraft.client.gui.screens.Screen.wrapScreenError(Screen.java:451) ~[client-1.21.1-20240808.144430-srg.jar%23250!/:?] {re:mixin,pl:accesstransformer:B,pl:runtimedistcleaner:A,re:computing_frames,pl:accesstransformer:B,pl:runtimedistcleaner:A,re:classloading,pl:accesstransformer:B,pl:mixin:APP:owo.mixins.json:ScreenAccessor from mod owo,pl:mixin:APP:owo.mixins.json:ui.ScreenMixin from mod owo,pl:mixin:APP:balm.neoforge.mixins.json:ScreenAccessor from mod balm,pl:mixin:APP:moogs_structures-common.mixins.json:client.ScreenInvoker from mod moogs_structures,pl:mixin:APP:owo.mixins.json:ui.layers.ScreenMixin from mod owo,pl:mixin:A,pl:runtimedistcleaner:A}
	at TRANSFORMER/minecraft@1.21.1/net.minecraft.client.MouseHandler.onPress(MouseHandler.java:95) ~[client-1.21.1-20240808.144430-srg.jar%23250!/:?] {re:mixin,pl:accesstransformer:B,pl:runtimedistcleaner:A,re:classloading,pl:accesstransformer:B,pl:mixin:APP:owo.mixins.json:ui.layers.MouseMixin from mod owo,pl:mixin:APP:balm.neoforge.mixins.json:MouseHandlerAccessor from mod balm,pl:mixin:APP:creativecore.mixins.json:MouseHandlerAccessor from mod creativecore,pl:mixin:A,pl:runtimedistcleaner:A}
	at TRANSFORMER/minecraft@1.21.1/net.minecraft.client.MouseHandler.lambda$setup$4(MouseHandler.java:202) ~[client-1.21.1-20240808.144430-srg.jar%23250!/:?] {re:mixin,pl:accesstransformer:B,pl:runtimedistcleaner:A,re:classloading,pl:accesstransformer:B,pl:mixin:APP:owo.mixins.json:ui.layers.MouseMixin from mod owo,pl:mixin:APP:balm.neoforge.mixins.json:MouseHandlerAccessor from mod balm,pl:mixin:APP:creativecore.mixins.json:MouseHandlerAccessor from mod creativecore,pl:mixin:A,pl:runtimedistcleaner:A}
	at TRANSFORMER/minecraft@1.21.1/net.minecraft.util.thread.BlockableEventLoop.execute(BlockableEventLoop.java:98) ~[client-1.21.1-20240808.144430-srg.jar%23250!/:?] {re:mixin,pl:accesstransformer:B,re:computing_frames,pl:accesstransformer:B,re:classloading,pl:accesstransformer:B}
	at TRANSFORMER/minecraft@1.21.1/net.minecraft.client.MouseHandler.lambda$setup$5(MouseHandler.java:202) ~[client-1.21.1-20240808.144430-srg.jar%23250!/:?] {re:mixin,pl:accesstransformer:B,pl:runtimedistcleaner:A,re:classloading,pl:accesstransformer:B,pl:mixin:APP:owo.mixins.json:ui.layers.MouseMixin from mod owo,pl:mixin:APP:balm.neoforge.mixins.json:MouseHandlerAccessor from mod balm,pl:mixin:APP:creativecore.mixins.json:MouseHandlerAccessor from mod creativecore,pl:mixin:A,pl:runtimedistcleaner:A}
	at MC-BOOTSTRAP/org.lwjgl.glfw@3.3.3+5/org.lwjgl.glfw.GLFWMouseButtonCallbackI.callback(GLFWMouseButtonCallbackI.java:43) ~[lwjgl-glfw-3.3.3.jar%23109!/:build 5] {}
	at MC-BOOTSTRAP/org.lwjgl@3.3.3+5/org.lwjgl.system.JNI.invokeV(Native Method) ~[lwjgl-3.3.3.jar%23121!/:build 5] {}
	at MC-BOOTSTRAP/org.lwjgl.glfw@3.3.3+5/org.lwjgl.glfw.GLFW.glfwWaitEventsTimeout(GLFW.java:3509) ~[lwjgl-glfw-3.3.3.jar%23109!/:build 5] {re:mixin}
	at TRANSFORMER/minecraft@1.21.1/com.mojang.blaze3d.systems.RenderSystem.limitDisplayFPS(RenderSystem.java:162) ~[client-1.21.1-20240808.144430-srg.jar%23250!/:?] {re:mixin,pl:accesstransformer:B,pl:runtimedistcleaner:A,re:classloading,pl:accesstransformer:B,pl:mixin:APP:owo.mixins.json:ui.RenderSystemMixin from mod owo,pl:mixin:APP:mixins.iris.json:MixinGlStateManager from mod iris,pl:mixin:APP:mixins.iris.json:MixinRenderSystem from mod iris,pl:mixin:APP:mixins.iris.json:statelisteners.MixinRenderSystem from mod iris,pl:mixin:APP:sodium-common.mixins.json:workarounds.event_loop.RenderSystemMixin from mod sodium,pl:mixin:A,pl:runtimedistcleaner:A}
	at TRANSFORMER/minecraft@1.21.1/net.minecraft.client.Minecraft.runTick(Minecraft.java:1220) ~[client-1.21.1-20240808.144430-srg.jar%23250!/:?] {re:mixin,pl:accesstransformer:B,pl:runtimedistcleaner:A,re:classloading,pl:accesstransformer:B,pl:mixin:APP:owo.mixins.json:MinecraftClientMixin from mod owo,pl:mixin:APP:owo.mixins.json:ui.MinecraftClientMixin from mod owo,pl:mixin:APP:xaeroworldmap.mixins.json:MixinMinecraftClient from mod xaeroworldmap,pl:mixin:APP:xaeroworldmap.neoforge.mixins.json:MixinForgeMinecraftClient from mod xaeroworldmap,pl:mixin:APP:modernfix-modernfix.mixins.json:perf.dedicated_reload_executor.MinecraftMixin from mod modernfix,pl:mixin:APP:modernfix-modernfix.mixins.json:perf.encoder_cache_leak.MinecraftMixin from mod modernfix,pl:mixin:APP:modernfix-modernfix.mixins.json:perf.suspend_integrated_server_during_load.MinecraftMixin from mod modernfix,pl:mixin:APP:modernfix-modernfix.mixins.json:bugfix.world_leaks.MinecraftMixin from mod modernfix,pl:mixin:APP:modernfix-modernfix.mixins.json:feature.measure_time.MinecraftMixin from mod modernfix,pl:mixin:APP:modernfix-modernfix.mixins.json:feature.measure_time.MinecraftMixin_Forge from mod modernfix,pl:mixin:APP:mixins.iris.json:MixinMinecraft_Images from mod iris,pl:mixin:APP:mixins.iris.json:MixinMinecraft_Keybinds from mod iris,pl:mixin:APP:mixins.iris.json:MixinMinecraft_PipelineManagement from mod iris,pl:mixin:APP:pickupnotifier.common.mixins.json:client.MinecraftMixin from mod pickupnotifier,pl:mixin:APP:DistantHorizons.neoforge.mixins.json:client.MixinMinecraft from mod distanthorizons,pl:mixin:APP:balm.neoforge.mixins.json:MinecraftMixin from mod balm,pl:mixin:APP:sodium-common.mixins.json:core.MinecraftMixin from mod sodium,pl:mixin:APP:sodium-neoforge.mixins.json:platform.neoforge.EntrypointMixin from mod sodium,pl:mixin:APP:blueprint.mixins.json:client.MinecraftMixin from mod blueprint,pl:mixin:APP:moonlight-common.mixins.json:MinecraftMixin from mod moonlight,pl:mixin:APP:xaerohud.mixins.json:MixinMinecraftClient from mod xaerominimap,pl:mixin:APP:mixins.ipnext.json:MixinMinecraftClient from mod inventoryprofilesnext,pl:mixin:APP:architectury.mixins.json:MixinMinecraft from mod architectury,pl:mixin:APP:modernfix-modernfix.mixins.json:feature.remove_telemetry.MinecraftMixin_Telemetry from mod modernfix,pl:mixin:A,pl:runtimedistcleaner:A}
	at TRANSFORMER/minecraft@1.21.1/net.minecraft.client.Minecraft.run(Minecraft.java:807) ~[client-1.21.1-20240808.144430-srg.jar%23250!/:?] {re:mixin,pl:accesstransformer:B,pl:runtimedistcleaner:A,re:classloading,pl:accesstransformer:B,pl:mixin:APP:owo.mixins.json:MinecraftClientMixin from mod owo,pl:mixin:APP:owo.mixins.json:ui.MinecraftClientMixin from mod owo,pl:mixin:APP:xaeroworldmap.mixins.json:MixinMinecraftClient from mod xaeroworldmap,pl:mixin:APP:xaeroworldmap.neoforge.mixins.json:MixinForgeMinecraftClient from mod xaeroworldmap,pl:mixin:APP:modernfix-modernfix.mixins.json:perf.dedicated_reload_executor.MinecraftMixin from mod modernfix,pl:mixin:APP:modernfix-modernfix.mixins.json:perf.encoder_cache_leak.MinecraftMixin from mod modernfix,pl:mixin:APP:modernfix-modernfix.mixins.json:perf.suspend_integrated_server_during_load.MinecraftMixin from mod modernfix,pl:mixin:APP:modernfix-modernfix.mixins.json:bugfix.world_leaks.MinecraftMixin from mod modernfix,pl:mixin:APP:modernfix-modernfix.mixins.json:feature.measure_time.MinecraftMixin from mod modernfix,pl:mixin:APP:modernfix-modernfix.mixins.json:feature.measure_time.MinecraftMixin_Forge from mod modernfix,pl:mixin:APP:mixins.iris.json:MixinMinecraft_Images from mod iris,pl:mixin:APP:mixins.iris.json:MixinMinecraft_Keybinds from mod iris,pl:mixin:APP:mixins.iris.json:MixinMinecraft_PipelineManagement from mod iris,pl:mixin:APP:pickupnotifier.common.mixins.json:client.MinecraftMixin from mod pickupnotifier,pl:mixin:APP:DistantHorizons.neoforge.mixins.json:client.MixinMinecraft from mod distanthorizons,pl:mixin:APP:balm.neoforge.mixins.json:MinecraftMixin from mod balm,pl:mixin:APP:sodium-common.mixins.json:core.MinecraftMixin from mod sodium,pl:mixin:APP:sodium-neoforge.mixins.json:platform.neoforge.EntrypointMixin from mod sodium,pl:mixin:APP:blueprint.mixins.json:client.MinecraftMixin from mod blueprint,pl:mixin:APP:moonlight-common.mixins.json:MinecraftMixin from mod moonlight,pl:mixin:APP:xaerohud.mixins.json:MixinMinecraftClient from mod xaerominimap,pl:mixin:APP:mixins.ipnext.json:MixinMinecraftClient from mod inventoryprofilesnext,pl:mixin:APP:architectury.mixins.json:MixinMinecraft from mod architectury,pl:mixin:APP:modernfix-modernfix.mixins.json:feature.remove_telemetry.MinecraftMixin_Telemetry from mod modernfix,pl:mixin:A,pl:runtimedistcleaner:A}
	at TRANSFORMER/minecraft@1.21.1/net.minecraft.client.main.Main.main(Main.java:230) ~[client-1.21.1-20240808.144430-srg.jar%23250!/:?] {re:mixin,pl:runtimedistcleaner:A,re:classloading,pl:mixin:APP:DistantHorizons.neoforge.mixins.json:client.MixinMain from mod distanthorizons,pl:mixin:A,pl:runtimedistcleaner:A}
	at java.base/jdk.internal.reflect.DirectMethodHandleAccessor.invoke(DirectMethodHandleAccessor.java:103) ~[?:?] {}
	at java.base/java.lang.reflect.Method.invoke(Method.java:580) ~[?:?] {}
	at MC-BOOTSTRAP/fml_loader@4.0.44/net.neoforged.fml.loading.targets.CommonLaunchHandler.runTarget(CommonLaunchHandler.java:136) ~[loader-4.0.44.jar%23161!/:4.0] {}
	at MC-BOOTSTRAP/fml_loader@4.0.44/net.neoforged.fml.loading.targets.CommonLaunchHandler.clientService(CommonLaunchHandler.java:124) ~[loader-4.0.44.jar%23161!/:4.0] {}
	at MC-BOOTSTRAP/fml_loader@4.0.44/net.neoforged.fml.loading.targets.CommonClientLaunchHandler.runService(CommonClientLaunchHandler.java:32) ~[loader-4.0.44.jar%23161!/:4.0] {}
	at MC-BOOTSTRAP/fml_loader@4.0.44/net.neoforged.fml.loading.targets.CommonLaunchHandler.lambda$launchService$4(CommonLaunchHandler.java:118) ~[loader-4.0.44.jar%23161!/:4.0] {}
	at MC-BOOTSTRAP/cpw.mods.modlauncher@11.0.5/cpw.mods.modlauncher.LaunchServiceHandlerDecorator.launch(LaunchServiceHandlerDecorator.java:30) [modlauncher-11.0.5.jar%23166!/:?] {}
	at MC-BOOTSTRAP/cpw.mods.modlauncher@11.0.5/cpw.mods.modlauncher.LaunchServiceHandler.launch(LaunchServiceHandler.java:53) [modlauncher-11.0.5.jar%23166!/:?] {}
	at MC-BOOTSTRAP/cpw.mods.modlauncher@11.0.5/cpw.mods.modlauncher.LaunchServiceHandler.launch(LaunchServiceHandler.java:71) [modlauncher-11.0.5.jar%23166!/:?] {}
	at MC-BOOTSTRAP/cpw.mods.modlauncher@11.0.5/cpw.mods.modlauncher.Launcher.run(Launcher.java:103) [modlauncher-11.0.5.jar%23166!/:?] {}
	at MC-BOOTSTRAP/cpw.mods.modlauncher@11.0.5/cpw.mods.modlauncher.Launcher.main(Launcher.java:74) [modlauncher-11.0.5.jar%23166!/:?] {}
	at MC-BOOTSTRAP/cpw.mods.modlauncher@11.0.5/cpw.mods.modlauncher.BootstrapLaunchConsumer.accept(BootstrapLaunchConsumer.java:26) [modlauncher-11.0.5.jar%23166!/:?] {}
	at MC-BOOTSTRAP/cpw.mods.modlauncher@11.0.5/cpw.mods.modlauncher.BootstrapLaunchConsumer.accept(BootstrapLaunchConsumer.java:23) [modlauncher-11.0.5.jar%23166!/:?] {}
	at cpw.mods.bootstraplauncher@2.0.2/cpw.mods.bootstraplauncher.BootstrapLauncher.run(BootstrapLauncher.java:210) [bootstraplauncher-2.0.2.jar:?] {}
	at cpw.mods.bootstraplauncher@2.0.2/cpw.mods.bootstraplauncher.BootstrapLauncher.main(BootstrapLauncher.java:69) [bootstraplauncher-2.0.2.jar:?] {}
	at java.base/jdk.internal.reflect.DirectMethodHandleAccessor.invoke(DirectMethodHandleAccessor.java:103) ~[?:?] {}
	at java.base/java.lang.reflect.Method.invoke(Method.java:580) ~[?:?] {}
	at io.github.zekerzhayard.forgewrapper.installer.Main.main(Main.java:67) [ForgeWrapper-prism-2026-08-01.jar:prism-2026-08-01] {}
	at org.prismlauncher.launcher.impl.StandardLauncher.launch(StandardLauncher.java:115) [NewLaunch.jar:?] {}
	at org.prismlauncher.EntryPoint.listen(EntryPoint.java:129) [NewLaunch.jar:?] {}
	at org.prismlauncher.EntryPoint.main(EntryPoint.java:70) [NewLaunch.jar:?] {}


A detailed walkthrough of the error, its code path and all known details is as follows:
---------------------------------------------------------------------------------------

-- Head --
Thread: Render thread
Stacktrace:
	at TRANSFORMER/minecraft@1.21.1/net.minecraft.resources.RegistryDataLoader.load(RegistryDataLoader.java:154) ~[client-1.21.1-20240808.144430-srg.jar%23250!/:?] {re:mixin,re:classloading,pl:mixin:APP:lithostitched.mixins.json:common.predicate.RegistryDataLoaderMixin from mod lithostitched,pl:mixin:A}
	at TRANSFORMER/minecraft@1.21.1/net.minecraft.resources.RegistryDataLoader.load(RegistryDataLoader.java:118) ~[client-1.21.1-20240808.144430-srg.jar%23250!/:?] {re:mixin,re:classloading,pl:mixin:APP:lithostitched.mixins.json:common.predicate.RegistryDataLoaderMixin from mod lithostitched,pl:mixin:A}
	at TRANSFORMER/minecraft@1.21.1/net.minecraft.server.WorldLoader.loadLayer(WorldLoader.java:76) ~[client-1.21.1-20240808.144430-srg.jar%23250!/:?] {re:mixin,re:classloading,pl:mixin:APP:modernfix-modernfix.mixins.json:feature.measure_time.WorldLoaderMixin from mod modernfix,pl:mixin:APP:modernfix-modernfix.mixins.json:core.WorldLoaderMixin from mod modernfix,pl:mixin:APP:moonlight-common.mixins.json:WorldLoaderMixin from mod moonlight,pl:mixin:A}
	at TRANSFORMER/minecraft@1.21.1/net.minecraft.server.WorldLoader.loadAndReplaceLayer(WorldLoader.java:82) ~[client-1.21.1-20240808.144430-srg.jar%23250!/:?] {re:mixin,re:classloading,pl:mixin:APP:modernfix-modernfix.mixins.json:feature.measure_time.WorldLoaderMixin from mod modernfix,pl:mixin:APP:modernfix-modernfix.mixins.json:core.WorldLoaderMixin from mod modernfix,pl:mixin:APP:moonlight-common.mixins.json:WorldLoaderMixin from mod moonlight,pl:mixin:A}
	at TRANSFORMER/minecraft@1.21.1/net.minecraft.server.WorldLoader.load(WorldLoader.java:35) ~[client-1.21.1-20240808.144430-srg.jar%23250!/:?] {re:mixin,re:classloading,pl:mixin:APP:modernfix-modernfix.mixins.json:feature.measure_time.WorldLoaderMixin from mod modernfix,pl:mixin:APP:modernfix-modernfix.mixins.json:core.WorldLoaderMixin from mod modernfix,pl:mixin:APP:moonlight-common.mixins.json:WorldLoaderMixin from mod moonlight,pl:mixin:A}
	at TRANSFORMER/minecraft@1.21.1/net.minecraft.client.gui.screens.worldselection.CreateWorldScreen.openFresh(CreateWorldScreen.java:123) ~[client-1.21.1-20240808.144430-srg.jar%23250!/:?] {re:mixin,pl:runtimedistcleaner:A,re:classloading,pl:mixin:APP:modernfix-modernfix.mixins.json:perf.dedicated_reload_executor.CreateWorldScreenMixin from mod modernfix,pl:mixin:APP:modernfix-modernfix.mixins.json:bugfix.extra_experimental_screen.CreateWorldScreenMixin from mod modernfix,pl:mixin:A,pl:runtimedistcleaner:A}
	at TRANSFORMER/minecraft@1.21.1/net.minecraft.client.gui.screens.worldselection.SelectWorldScreen.lambda$init$2(SelectWorldScreen.java:54) ~[client-1.21.1-20240808.144430-srg.jar%23250!/:?] {re:classloading}
	at TRANSFORMER/minecraft@1.21.1/net.minecraft.client.gui.components.Button.onPress(Button.java:41) ~[client-1.21.1-20240808.144430-srg.jar%23250!/:?] {re:mixin,pl:runtimedistcleaner:A,re:classloading,pl:mixin:APP:owo.mixins.json:ui.access.ButtonWidgetAccessor from mod owo,pl:mixin:A,pl:runtimedistcleaner:A}
	at TRANSFORMER/minecraft@1.21.1/net.minecraft.client.gui.components.AbstractButton.onClick(AbstractButton.java:47) ~[client-1.21.1-20240808.144430-srg.jar%23250!/:?] {re:mixin,pl:accesstransformer:B,pl:runtimedistcleaner:A,re:classloading,pl:accesstransformer:B,pl:mixin:APP:xaerolib.mixins.json:MixinAbstractButton from mod xaerolib,pl:mixin:A,pl:runtimedistcleaner:A}
	at TRANSFORMER/neoforge@21.1.249/net.neoforged.neoforge.client.extensions.IAbstractWidgetExtension.onClick(IAbstractWidgetExtension.java:36) ~[neoforge-21.1.249-universal.jar%23251!/:?] {re:mixin,re:classloading}
	at TRANSFORMER/minecraft@1.21.1/net.minecraft.client.gui.components.AbstractWidget.mouseClicked(AbstractWidget.java:144) ~[client-1.21.1-20240808.144430-srg.jar%23250!/:?] {re:mixin,pl:accesstransformer:B,pl:runtimedistcleaner:A,re:classloading,pl:accesstransformer:B,pl:mixin:APP:owo.mixins.json:ui.ClickableWidgetMixin from mod owo,pl:mixin:APP:owo.mixins.json:ui.access.ClickableWidgetAccessor from mod owo,pl:mixin:A,pl:runtimedistcleaner:A}
	at TRANSFORMER/minecraft@1.21.1/net.minecraft.client.gui.components.events.ContainerEventHandler.mouseClicked(ContainerEventHandler.java:38) ~[client-1.21.1-20240808.144430-srg.jar%23250!/:?] {re:computing_frames,re:mixin,re:classloading}
	at TRANSFORMER/minecraft@1.21.1/net.minecraft.client.MouseHandler.lambda$onPress$0(MouseHandler.java:98) ~[client-1.21.1-20240808.144430-srg.jar%23250!/:?] {re:mixin,pl:accesstransformer:B,pl:runtimedistcleaner:A,re:classloading,pl:accesstransformer:B,pl:mixin:APP:owo.mixins.json:ui.layers.MouseMixin from mod owo,pl:mixin:APP:balm.neoforge.mixins.json:MouseHandlerAccessor from mod balm,pl:mixin:APP:creativecore.mixins.json:MouseHandlerAccessor from mod creativecore,pl:mixin:A,pl:runtimedistcleaner:A}
	at TRANSFORMER/minecraft@1.21.1/net.minecraft.client.gui.screens.Screen.wrapScreenError(Screen.java:451) ~[client-1.21.1-20240808.144430-srg.jar%23250!/:?] {re:mixin,pl:accesstransformer:B,pl:runtimedistcleaner:A,re:computing_frames,pl:accesstransformer:B,pl:runtimedistcleaner:A,re:classloading,pl:accesstransformer:B,pl:mixin:APP:owo.mixins.json:ScreenAccessor from mod owo,pl:mixin:APP:owo.mixins.json:ui.ScreenMixin from mod owo,pl:mixin:APP:balm.neoforge.mixins.json:ScreenAccessor from mod balm,pl:mixin:APP:moogs_structures-common.mixins.json:client.ScreenInvoker from mod moogs_structures,pl:mixin:APP:owo.mixins.json:ui.layers.ScreenMixin from mod owo,pl:mixin:A,pl:runtimedistcleaner:A}
	at TRANSFORMER/minecraft@1.21.1/net.minecraft.client.MouseHandler.onPress(MouseHandler.java:95) ~[client-1.21.1-20240808.144430-srg.jar%23250!/:?] {re:mixin,pl:accesstransformer:B,pl:runtimedistcleaner:A,re:classloading,pl:accesstransformer:B,pl:mixin:APP:owo.mixins.json:ui.layers.MouseMixin from mod owo,pl:mixin:APP:balm.neoforge.mixins.json:MouseHandlerAccessor from mod balm,pl:mixin:APP:creativecore.mixins.json:MouseHandlerAccessor from mod creativecore,pl:mixin:A,pl:runtimedistcleaner:A}
	at TRANSFORMER/minecraft@1.21.1/net.minecraft.client.MouseHandler.lambda$setup$4(MouseHandler.java:202) ~[client-1.21.1-20240808.144430-srg.jar%23250!/:?] {re:mixin,pl:accesstransformer:B,pl:runtimedistcleaner:A,re:classloading,pl:accesstransformer:B,pl:mixin:APP:owo.mixins.json:ui.layers.MouseMixin from mod owo,pl:mixin:APP:balm.neoforge.mixins.json:MouseHandlerAccessor from mod balm,pl:mixin:APP:creativecore.mixins.json:MouseHandlerAccessor from mod creativecore,pl:mixin:A,pl:runtimedistcleaner:A}
	at TRANSFORMER/minecraft@1.21.1/net.minecraft.util.thread.BlockableEventLoop.execute(BlockableEventLoop.java:98) ~[client-1.21.1-20240808.144430-srg.jar%23250!/:?] {re:mixin,pl:accesstransformer:B,re:computing_frames,pl:accesstransformer:B,re:classloading,pl:accesstransformer:B}
	at TRANSFORMER/minecraft@1.21.1/net.minecraft.client.MouseHandler.lambda$setup$5(MouseHandler.java:202) ~[client-1.21.1-20240808.144430-srg.jar%23250!/:?] {re:mixin,pl:accesstransformer:B,pl:runtimedistcleaner:A,re:classloading,pl:accesstransformer:B,pl:mixin:APP:owo.mixins.json:ui.layers.MouseMixin from mod owo,pl:mixin:APP:balm.neoforge.mixins.json:MouseHandlerAccessor from mod balm,pl:mixin:APP:creativecore.mixins.json:MouseHandlerAccessor from mod creativecore,pl:mixin:A,pl:runtimedistcleaner:A}
	at MC-BOOTSTRAP/org.lwjgl.glfw@3.3.3+5/org.lwjgl.glfw.GLFWMouseButtonCallbackI.callback(GLFWMouseButtonCallbackI.java:43) ~[lwjgl-glfw-3.3.3.jar%23109!/:build 5] {}
	at MC-BOOTSTRAP/org.lwjgl@3.3.3+5/org.lwjgl.system.JNI.invokeV(Native Method) ~[lwjgl-3.3.3.jar%23121!/:build 5] {}
	at MC-BOOTSTRAP/org.lwjgl.glfw@3.3.3+5/org.lwjgl.glfw.GLFW.glfwWaitEventsTimeout(GLFW.java:3509) ~[lwjgl-glfw-3.3.3.jar%23109!/:build 5] {re:mixin}
-- Affected screen --
Details:
	Screen name: net.minecraft.client.gui.screens.worldselection.SelectWorldScreen
Stacktrace:
	at TRANSFORMER/minecraft@1.21.1/net.minecraft.client.gui.screens.Screen.wrapScreenError(Screen.java:451) ~[client-1.21.1-20240808.144430-srg.jar%23250!/:?] {re:mixin,pl:accesstransformer:B,pl:runtimedistcleaner:A,re:computing_frames,pl:accesstransformer:B,pl:runtimedistcleaner:A,re:classloading,pl:accesstransformer:B,pl:mixin:APP:owo.mixins.json:ScreenAccessor from mod owo,pl:mixin:APP:owo.mixins.json:ui.ScreenMixin from mod owo,pl:mixin:APP:balm.neoforge.mixins.json:ScreenAccessor from mod balm,pl:mixin:APP:moogs_structures-common.mixins.json:client.ScreenInvoker from mod moogs_structures,pl:mixin:APP:owo.mixins.json:ui.layers.ScreenMixin from mod owo,pl:mixin:A,pl:runtimedistcleaner:A}
	at TRANSFORMER/minecraft@1.21.1/net.minecraft.client.MouseHandler.onPress(MouseHandler.java:95) ~[client-1.21.1-20240808.144430-srg.jar%23250!/:?] {re:mixin,pl:accesstransformer:B,pl:runtimedistcleaner:A,re:classloading,pl:accesstransformer:B,pl:mixin:APP:owo.mixins.json:ui.layers.MouseMixin from mod owo,pl:mixin:APP:balm.neoforge.mixins.json:MouseHandlerAccessor from mod balm,pl:mixin:APP:creativecore.mixins.json:MouseHandlerAccessor from mod creativecore,pl:mixin:A,pl:runtimedistcleaner:A}
	at TRANSFORMER/minecraft@1.21.1/net.minecraft.client.MouseHandler.lambda$setup$4(MouseHandler.java:202) ~[client-1.21.1-20240808.144430-srg.jar%23250!/:?] {re:mixin,pl:accesstransformer:B,pl:runtimedistcleaner:A,re:classloading,pl:accesstransformer:B,pl:mixin:APP:owo.mixins.json:ui.layers.MouseMixin from mod owo,pl:mixin:APP:balm.neoforge.mixins.json:MouseHandlerAccessor from mod balm,pl:mixin:APP:creativecore.mixins.json:MouseHandlerAccessor from mod creativecore,pl:mixin:A,pl:runtimedistcleaner:A}
	at TRANSFORMER/minecraft@1.21.1/net.minecraft.util.thread.BlockableEventLoop.execute(BlockableEventLoop.java:98) ~[client-1.21.1-20240808.144430-srg.jar%23250!/:?] {re:mixin,pl:accesstransformer:B,re:computing_frames,pl:accesstransformer:B,re:classloading,pl:accesstransformer:B}
	at TRANSFORMER/minecraft@1.21.1/net.minecraft.client.MouseHandler.lambda$setup$5(MouseHandler.java:202) ~[client-1.21.1-20240808.144430-srg.jar%23250!/:?] {re:mixin,pl:accesstransformer:B,pl:runtimedistcleaner:A,re:classloading,pl:accesstransformer:B,pl:mixin:APP:owo.mixins.json:ui.layers.MouseMixin from mod owo,pl:mixin:APP:balm.neoforge.mixins.json:MouseHandlerAccessor from mod balm,pl:mixin:APP:creativecore.mixins.json:MouseHandlerAccessor from mod creativecore,pl:mixin:A,pl:runtimedistcleaner:A}
	at MC-BOOTSTRAP/org.lwjgl.glfw@3.3.3+5/org.lwjgl.glfw.GLFWMouseButtonCallbackI.callback(GLFWMouseButtonCallbackI.java:43) ~[lwjgl-glfw-3.3.3.jar%23109!/:build 5] {}
	at MC-BOOTSTRAP/org.lwjgl@3.3.3+5/org.lwjgl.system.JNI.invokeV(Native Method) ~[lwjgl-3.3.3.jar%23121!/:build 5] {}
	at MC-BOOTSTRAP/org.lwjgl.glfw@3.3.3+5/org.lwjgl.glfw.GLFW.glfwWaitEventsTimeout(GLFW.java:3509) ~[lwjgl-glfw-3.3.3.jar%23109!/:build 5] {re:mixin}
	at TRANSFORMER/minecraft@1.21.1/com.mojang.blaze3d.systems.RenderSystem.limitDisplayFPS(RenderSystem.java:162) ~[client-1.21.1-20240808.144430-srg.jar%23250!/:?] {re:mixin,pl:accesstransformer:B,pl:runtimedistcleaner:A,re:classloading,pl:accesstransformer:B,pl:mixin:APP:owo.mixins.json:ui.RenderSystemMixin from mod owo,pl:mixin:APP:mixins.iris.json:MixinGlStateManager from mod iris,pl:mixin:APP:mixins.iris.json:MixinRenderSystem from mod iris,pl:mixin:APP:mixins.iris.json:statelisteners.MixinRenderSystem from mod iris,pl:mixin:APP:sodium-common.mixins.json:workarounds.event_loop.RenderSystemMixin from mod sodium,pl:mixin:A,pl:runtimedistcleaner:A}
	at TRANSFORMER/minecraft@1.21.1/net.minecraft.client.Minecraft.runTick(Minecraft.java:1220) ~[client-1.21.1-20240808.144430-srg.jar%23250!/:?] {re:mixin,pl:accesstransformer:B,pl:runtimedistcleaner:A,re:classloading,pl:accesstransformer:B,pl:mixin:APP:owo.mixins.json:MinecraftClientMixin from mod owo,pl:mixin:APP:owo.mixins.json:ui.MinecraftClientMixin from mod owo,pl:mixin:APP:xaeroworldmap.mixins.json:MixinMinecraftClient from mod xaeroworldmap,pl:mixin:APP:xaeroworldmap.neoforge.mixins.json:MixinForgeMinecraftClient from mod xaeroworldmap,pl:mixin:APP:modernfix-modernfix.mixins.json:perf.dedicated_reload_executor.MinecraftMixin from mod modernfix,pl:mixin:APP:modernfix-modernfix.mixins.json:perf.encoder_cache_leak.MinecraftMixin from mod modernfix,pl:mixin:APP:modernfix-modernfix.mixins.json:perf.suspend_integrated_server_during_load.MinecraftMixin from mod modernfix,pl:mixin:APP:modernfix-modernfix.mixins.json:bugfix.world_leaks.MinecraftMixin from mod modernfix,pl:mixin:APP:modernfix-modernfix.mixins.json:feature.measure_time.MinecraftMixin from mod modernfix,pl:mixin:APP:modernfix-modernfix.mixins.json:feature.measure_time.MinecraftMixin_Forge from mod modernfix,pl:mixin:APP:mixins.iris.json:MixinMinecraft_Images from mod iris,pl:mixin:APP:mixins.iris.json:MixinMinecraft_Keybinds from mod iris,pl:mixin:APP:mixins.iris.json:MixinMinecraft_PipelineManagement from mod iris,pl:mixin:APP:pickupnotifier.common.mixins.json:client.MinecraftMixin from mod pickupnotifier,pl:mixin:APP:DistantHorizons.neoforge.mixins.json:client.MixinMinecraft from mod distanthorizons,pl:mixin:APP:balm.neoforge.mixins.json:MinecraftMixin from mod balm,pl:mixin:APP:sodium-common.mixins.json:core.MinecraftMixin from mod sodium,pl:mixin:APP:sodium-neoforge.mixins.json:platform.neoforge.EntrypointMixin from mod sodium,pl:mixin:APP:blueprint.mixins.json:client.MinecraftMixin from mod blueprint,pl:mixin:APP:moonlight-common.mixins.json:MinecraftMixin from mod moonlight,pl:mixin:APP:xaerohud.mixins.json:MixinMinecraftClient from mod xaerominimap,pl:mixin:APP:mixins.ipnext.json:MixinMinecraftClient from mod inventoryprofilesnext,pl:mixin:APP:architectury.mixins.json:MixinMinecraft from mod architectury,pl:mixin:APP:modernfix-modernfix.mixins.json:feature.remove_telemetry.MinecraftMixin_Telemetry from mod modernfix,pl:mixin:A,pl:runtimedistcleaner:A}
	at TRANSFORMER/minecraft@1.21.1/net.minecraft.client.Minecraft.run(Minecraft.java:807) ~[client-1.21.1-20240808.144430-srg.jar%23250!/:?] {re:mixin,pl:accesstransformer:B,pl:runtimedistcleaner:A,re:classloading,pl:accesstransformer:B,pl:mixin:APP:owo.mixins.json:MinecraftClientMixin from mod owo,pl:mixin:APP:owo.mixins.json:ui.MinecraftClientMixin from mod owo,pl:mixin:APP:xaeroworldmap.mixins.json:MixinMinecraftClient from mod xaeroworldmap,pl:mixin:APP:xaeroworldmap.neoforge.mixins.json:MixinForgeMinecraftClient from mod xaeroworldmap,pl:mixin:APP:modernfix-modernfix.mixins.json:perf.dedicated_reload_executor.MinecraftMixin from mod modernfix,pl:mixin:APP:modernfix-modernfix.mixins.json:perf.encoder_cache_leak.MinecraftMixin from mod modernfix,pl:mixin:APP:modernfix-modernfix.mixins.json:perf.suspend_integrated_server_during_load.MinecraftMixin from mod modernfix,pl:mixin:APP:modernfix-modernfix.mixins.json:bugfix.world_leaks.MinecraftMixin from mod modernfix,pl:mixin:APP:modernfix-modernfix.mixins.json:feature.measure_time.MinecraftMixin from mod modernfix,pl:mixin:APP:modernfix-modernfix.mixins.json:feature.measure_time.MinecraftMixin_Forge from mod modernfix,pl:mixin:APP:mixins.iris.json:MixinMinecraft_Images from mod iris,pl:mixin:APP:mixins.iris.json:MixinMinecraft_Keybinds from mod iris,pl:mixin:APP:mixins.iris.json:MixinMinecraft_PipelineManagement from mod iris,pl:mixin:APP:pickupnotifier.common.mixins.json:client.MinecraftMixin from mod pickupnotifier,pl:mixin:APP:DistantHorizons.neoforge.mixins.json:client.MixinMinecraft from mod distanthorizons,pl:mixin:APP:balm.neoforge.mixins.json:MinecraftMixin from mod balm,pl:mixin:APP:sodium-common.mixins.json:core.MinecraftMixin from mod sodium,pl:mixin:APP:sodium-neoforge.mixins.json:platform.neoforge.EntrypointMixin from mod sodium,pl:mixin:APP:blueprint.mixins.json:client.MinecraftMixin from mod blueprint,pl:mixin:APP:moonlight-common.mixins.json:MinecraftMixin from mod moonlight,pl:mixin:APP:xaerohud.mixins.json:MixinMinecraftClient from mod xaerominimap,pl:mixin:APP:mixins.ipnext.json:MixinMinecraftClient from mod inventoryprofilesnext,pl:mixin:APP:architectury.mixins.json:MixinMinecraft from mod architectury,pl:mixin:APP:modernfix-modernfix.mixins.json:feature.remove_telemetry.MinecraftMixin_Telemetry from mod modernfix,pl:mixin:A,pl:runtimedistcleaner:A}
	at TRANSFORMER/minecraft@1.21.1/net.minecraft.client.main.Main.main(Main.java:230) ~[client-1.21.1-20240808.144430-srg.jar%23250!/:?] {re:mixin,pl:runtimedistcleaner:A,re:classloading,pl:mixin:APP:DistantHorizons.neoforge.mixins.json:client.MixinMain from mod distanthorizons,pl:mixin:A,pl:runtimedistcleaner:A}
	at java.base/jdk.internal.reflect.DirectMethodHandleAccessor.invoke(DirectMethodHandleAccessor.java:103) ~[?:?] {}
	at java.base/java.lang.reflect.Method.invoke(Method.java:580) ~[?:?] {}
	at MC-BOOTSTRAP/fml_loader@4.0.44/net.neoforged.fml.loading.targets.CommonLaunchHandler.runTarget(CommonLaunchHandler.java:136) ~[loader-4.0.44.jar%23161!/:4.0] {}
	at MC-BOOTSTRAP/fml_loader@4.0.44/net.neoforged.fml.loading.targets.CommonLaunchHandler.clientService(CommonLaunchHandler.java:124) ~[loader-4.0.44.jar%23161!/:4.0] {}
	at MC-BOOTSTRAP/fml_loader@4.0.44/net.neoforged.fml.loading.targets.CommonClientLaunchHandler.runService(CommonClientLaunchHandler.java:32) ~[loader-4.0.44.jar%23161!/:4.0] {}
	at MC-BOOTSTRAP/fml_loader@4.0.44/net.neoforged.fml.loading.targets.CommonLaunchHandler.lambda$launchService$4(CommonLaunchHandler.java:118) ~[loader-4.0.44.jar%23161!/:4.0] {}
	at MC-BOOTSTRAP/cpw.mods.modlauncher@11.0.5/cpw.mods.modlauncher.LaunchServiceHandlerDecorator.launch(LaunchServiceHandlerDecorator.java:30) [modlauncher-11.0.5.jar%23166!/:?] {}
	at MC-BOOTSTRAP/cpw.mods.modlauncher@11.0.5/cpw.mods.modlauncher.LaunchServiceHandler.launch(LaunchServiceHandler.java:53) [modlauncher-11.0.5.jar%23166!/:?] {}
	at MC-BOOTSTRAP/cpw.mods.modlauncher@11.0.5/cpw.mods.modlauncher.LaunchServiceHandler.launch(LaunchServiceHandler.java:71) [modlauncher-11.0.5.jar%23166!/:?] {}
	at MC-BOOTSTRAP/cpw.mods.modlauncher@11.0.5/cpw.mods.modlauncher.Launcher.run(Launcher.java:103) [modlauncher-11.0.5.jar%23166!/:?] {}
	at MC-BOOTSTRAP/cpw.mods.modlauncher@11.0.5/cpw.mods.modlauncher.Launcher.main(Launcher.java:74) [modlauncher-11.0.5.jar%23166!/:?] {}
	at MC-BOOTSTRAP/cpw.mods.modlauncher@11.0.5/cpw.mods.modlauncher.BootstrapLaunchConsumer.accept(BootstrapLaunchConsumer.java:26) [modlauncher-11.0.5.jar%23166!/:?] {}
	at MC-BOOTSTRAP/cpw.mods.modlauncher@11.0.5/cpw.mods.modlauncher.BootstrapLaunchConsumer.accept(BootstrapLaunchConsumer.java:23) [modlauncher-11.0.5.jar%23166!/:?] {}
	at cpw.mods.bootstraplauncher@2.0.2/cpw.mods.bootstraplauncher.BootstrapLauncher.run(BootstrapLauncher.java:210) [bootstraplauncher-2.0.2.jar:?] {}
	at cpw.mods.bootstraplauncher@2.0.2/cpw.mods.bootstraplauncher.BootstrapLauncher.main(BootstrapLauncher.java:69) [bootstraplauncher-2.0.2.jar:?] {}
	at java.base/jdk.internal.reflect.DirectMethodHandleAccessor.invoke(DirectMethodHandleAccessor.java:103) ~[?:?] {}
	at java.base/java.lang.reflect.Method.invoke(Method.java:580) ~[?:?] {}
	at io.github.zekerzhayard.forgewrapper.installer.Main.main(Main.java:67) [ForgeWrapper-prism-2026-08-01.jar:prism-2026-08-01] {}
	at org.prismlauncher.launcher.impl.StandardLauncher.launch(StandardLauncher.java:115) [NewLaunch.jar:?] {}
	at org.prismlauncher.EntryPoint.listen(EntryPoint.java:129) [NewLaunch.jar:?] {}
	at org.prismlauncher.EntryPoint.main(EntryPoint.java:70) [NewLaunch.jar:?] {}


-- Uptime --
Details:
	JVM uptime: 35.596s
	Wall uptime: 21.037s
	High-res time: 30.556s
	Client ticks: 193 ticks / 9.650s
Stacktrace:
	at TRANSFORMER/minecraft@1.21.1/net.minecraft.client.Minecraft.fillReport(Minecraft.java:2395) ~[client-1.21.1-20240808.144430-srg.jar%23250!/:?] {re:mixin,pl:accesstransformer:B,pl:runtimedistcleaner:A,re:classloading,pl:accesstransformer:B,pl:mixin:APP:owo.mixins.json:MinecraftClientMixin from mod owo,pl:mixin:APP:owo.mixins.json:ui.MinecraftClientMixin from mod owo,pl:mixin:APP:xaeroworldmap.mixins.json:MixinMinecraftClient from mod xaeroworldmap,pl:mixin:APP:xaeroworldmap.neoforge.mixins.json:MixinForgeMinecraftClient from mod xaeroworldmap,pl:mixin:APP:modernfix-modernfix.mixins.json:perf.dedicated_reload_executor.MinecraftMixin from mod modernfix,pl:mixin:APP:modernfix-modernfix.mixins.json:perf.encoder_cache_leak.MinecraftMixin from mod modernfix,pl:mixin:APP:modernfix-modernfix.mixins.json:perf.suspend_integrated_server_during_load.MinecraftMixin from mod modernfix,pl:mixin:APP:modernfix-modernfix.mixins.json:bugfix.world_leaks.MinecraftMixin from mod modernfix,pl:mixin:APP:modernfix-modernfix.mixins.json:feature.measure_time.MinecraftMixin from mod modernfix,pl:mixin:APP:modernfix-modernfix.mixins.json:feature.measure_time.MinecraftMixin_Forge from mod modernfix,pl:mixin:APP:mixins.iris.json:MixinMinecraft_Images from mod iris,pl:mixin:APP:mixins.iris.json:MixinMinecraft_Keybinds from mod iris,pl:mixin:APP:mixins.iris.json:MixinMinecraft_PipelineManagement from mod iris,pl:mixin:APP:pickupnotifier.common.mixins.json:client.MinecraftMixin from mod pickupnotifier,pl:mixin:APP:DistantHorizons.neoforge.mixins.json:client.MixinMinecraft from mod distanthorizons,pl:mixin:APP:balm.neoforge.mixins.json:MinecraftMixin from mod balm,pl:mixin:APP:sodium-common.mixins.json:core.MinecraftMixin from mod sodium,pl:mixin:APP:sodium-neoforge.mixins.json:platform.neoforge.EntrypointMixin from mod sodium,pl:mixin:APP:blueprint.mixins.json:client.MinecraftMixin from mod blueprint,pl:mixin:APP:moonlight-common.mixins.json:MinecraftMixin from mod moonlight,pl:mixin:APP:xaerohud.mixins.json:MixinMinecraftClient from mod xaerominimap,pl:mixin:APP:mixins.ipnext.json:MixinMinecraftClient from mod inventoryprofilesnext,pl:mixin:APP:architectury.mixins.json:MixinMinecraft from mod architectury,pl:mixin:APP:modernfix-modernfix.mixins.json:feature.remove_telemetry.MinecraftMixin_Telemetry from mod modernfix,pl:mixin:A,pl:runtimedistcleaner:A}
	at TRANSFORMER/minecraft@1.21.1/net.minecraft.client.Minecraft.emergencySaveAndCrash(Minecraft.java:868) ~[client-1.21.1-20240808.144430-srg.jar%23250!/:?] {re:mixin,pl:accesstransformer:B,pl:runtimedistcleaner:A,re:classloading,pl:accesstransformer:B,pl:mixin:APP:owo.mixins.json:MinecraftClientMixin from mod owo,pl:mixin:APP:owo.mixins.json:ui.MinecraftClientMixin from mod owo,pl:mixin:APP:xaeroworldmap.mixins.json:MixinMinecraftClient from mod xaeroworldmap,pl:mixin:APP:xaeroworldmap.neoforge.mixins.json:MixinForgeMinecraftClient from mod xaeroworldmap,pl:mixin:APP:modernfix-modernfix.mixins.json:perf.dedicated_reload_executor.MinecraftMixin from mod modernfix,pl:mixin:APP:modernfix-modernfix.mixins.json:perf.encoder_cache_leak.MinecraftMixin from mod modernfix,pl:mixin:APP:modernfix-modernfix.mixins.json:perf.suspend_integrated_server_during_load.MinecraftMixin from mod modernfix,pl:mixin:APP:modernfix-modernfix.mixins.json:bugfix.world_leaks.MinecraftMixin from mod modernfix,pl:mixin:APP:modernfix-modernfix.mixins.json:feature.measure_time.MinecraftMixin from mod modernfix,pl:mixin:APP:modernfix-modernfix.mixins.json:feature.measure_time.MinecraftMixin_Forge from mod modernfix,pl:mixin:APP:mixins.iris.json:MixinMinecraft_Images from mod iris,pl:mixin:APP:mixins.iris.json:MixinMinecraft_Keybinds from mod iris,pl:mixin:APP:mixins.iris.json:MixinMinecraft_PipelineManagement from mod iris,pl:mixin:APP:pickupnotifier.common.mixins.json:client.MinecraftMixin from mod pickupnotifier,pl:mixin:APP:DistantHorizons.neoforge.mixins.json:client.MixinMinecraft from mod distanthorizons,pl:mixin:APP:balm.neoforge.mixins.json:MinecraftMixin from mod balm,pl:mixin:APP:sodium-common.mixins.json:core.MinecraftMixin from mod sodium,pl:mixin:APP:sodium-neoforge.mixins.json:platform.neoforge.EntrypointMixin from mod sodium,pl:mixin:APP:blueprint.mixins.json:client.MinecraftMixin from mod blueprint,pl:mixin:APP:moonlight-common.mixins.json:MinecraftMixin from mod moonlight,pl:mixin:APP:xaerohud.mixins.json:MixinMinecraftClient from mod xaerominimap,pl:mixin:APP:mixins.ipnext.json:MixinMinecraftClient from mod inventoryprofilesnext,pl:mixin:APP:architectury.mixins.json:MixinMinecraft from mod architectury,pl:mixin:APP:modernfix-modernfix.mixins.json:feature.remove_telemetry.MinecraftMixin_Telemetry from mod modernfix,pl:mixin:A,pl:runtimedistcleaner:A}
	at TRANSFORMER/minecraft@1.21.1/net.minecraft.client.Minecraft.run(Minecraft.java:825) ~[client-1.21.1-20240808.144430-srg.jar%23250!/:?] {re:mixin,pl:accesstransformer:B,pl:runtimedistcleaner:A,re:classloading,pl:accesstransformer:B,pl:mixin:APP:owo.mixins.json:MinecraftClientMixin from mod owo,pl:mixin:APP:owo.mixins.json:ui.MinecraftClientMixin from mod owo,pl:mixin:APP:xaeroworldmap.mixins.json:MixinMinecraftClient from mod xaeroworldmap,pl:mixin:APP:xaeroworldmap.neoforge.mixins.json:MixinForgeMinecraftClient from mod xaeroworldmap,pl:mixin:APP:modernfix-modernfix.mixins.json:perf.dedicated_reload_executor.MinecraftMixin from mod modernfix,pl:mixin:APP:modernfix-modernfix.mixins.json:perf.encoder_cache_leak.MinecraftMixin from mod modernfix,pl:mixin:APP:modernfix-modernfix.mixins.json:perf.suspend_integrated_server_during_load.MinecraftMixin from mod modernfix,pl:mixin:APP:modernfix-modernfix.mixins.json:bugfix.world_leaks.MinecraftMixin from mod modernfix,pl:mixin:APP:modernfix-modernfix.mixins.json:feature.measure_time.MinecraftMixin from mod modernfix,pl:mixin:APP:modernfix-modernfix.mixins.json:feature.measure_time.MinecraftMixin_Forge from mod modernfix,pl:mixin:APP:mixins.iris.json:MixinMinecraft_Images from mod iris,pl:mixin:APP:mixins.iris.json:MixinMinecraft_Keybinds from mod iris,pl:mixin:APP:mixins.iris.json:MixinMinecraft_PipelineManagement from mod iris,pl:mixin:APP:pickupnotifier.common.mixins.json:client.MinecraftMixin from mod pickupnotifier,pl:mixin:APP:DistantHorizons.neoforge.mixins.json:client.MixinMinecraft from mod distanthorizons,pl:mixin:APP:balm.neoforge.mixins.json:MinecraftMixin from mod balm,pl:mixin:APP:sodium-common.mixins.json:core.MinecraftMixin from mod sodium,pl:mixin:APP:sodium-neoforge.mixins.json:platform.neoforge.EntrypointMixin from mod sodium,pl:mixin:APP:blueprint.mixins.json:client.MinecraftMixin from mod blueprint,pl:mixin:APP:moonlight-common.mixins.json:MinecraftMixin from mod moonlight,pl:mixin:APP:xaerohud.mixins.json:MixinMinecraftClient from mod xaerominimap,pl:mixin:APP:mixins.ipnext.json:MixinMinecraftClient from mod inventoryprofilesnext,pl:mixin:APP:architectury.mixins.json:MixinMinecraft from mod architectury,pl:mixin:APP:modernfix-modernfix.mixins.json:feature.remove_telemetry.MinecraftMixin_Telemetry from mod modernfix,pl:mixin:A,pl:runtimedistcleaner:A}
	at TRANSFORMER/minecraft@1.21.1/net.minecraft.client.main.Main.main(Main.java:230) ~[client-1.21.1-20240808.144430-srg.jar%23250!/:?] {re:mixin,pl:runtimedistcleaner:A,re:classloading,pl:mixin:APP:DistantHorizons.neoforge.mixins.json:client.MixinMain from mod distanthorizons,pl:mixin:A,pl:runtimedistcleaner:A}
	at java.base/jdk.internal.reflect.DirectMethodHandleAccessor.invoke(DirectMethodHandleAccessor.java:103) ~[?:?] {}
	at java.base/java.lang.reflect.Method.invoke(Method.java:580) ~[?:?] {}
	at MC-BOOTSTRAP/fml_loader@4.0.44/net.neoforged.fml.loading.targets.CommonLaunchHandler.runTarget(CommonLaunchHandler.java:136) ~[loader-4.0.44.jar%23161!/:4.0] {}
	at MC-BOOTSTRAP/fml_loader@4.0.44/net.neoforged.fml.loading.targets.CommonLaunchHandler.clientService(CommonLaunchHandler.java:124) ~[loader-4.0.44.jar%23161!/:4.0] {}
	at MC-BOOTSTRAP/fml_loader@4.0.44/net.neoforged.fml.loading.targets.CommonClientLaunchHandler.runService(CommonClientLaunchHandler.java:32) ~[loader-4.0.44.jar%23161!/:4.0] {}
	at MC-BOOTSTRAP/fml_loader@4.0.44/net.neoforged.fml.loading.targets.CommonLaunchHandler.lambda$launchService$4(CommonLaunchHandler.java:118) ~[loader-4.0.44.jar%23161!/:4.0] {}
	at MC-BOOTSTRAP/cpw.mods.modlauncher@11.0.5/cpw.mods.modlauncher.LaunchServiceHandlerDecorator.launch(LaunchServiceHandlerDecorator.java:30) [modlauncher-11.0.5.jar%23166!/:?] {}
	at MC-BOOTSTRAP/cpw.mods.modlauncher@11.0.5/cpw.mods.modlauncher.LaunchServiceHandler.launch(LaunchServiceHandler.java:53) [modlauncher-11.0.5.jar%23166!/:?] {}
	at MC-BOOTSTRAP/cpw.mods.modlauncher@11.0.5/cpw.mods.modlauncher.LaunchServiceHandler.launch(LaunchServiceHandler.java:71) [modlauncher-11.0.5.jar%23166!/:?] {}
	at MC-BOOTSTRAP/cpw.mods.modlauncher@11.0.5/cpw.mods.modlauncher.Launcher.run(Launcher.java:103) [modlauncher-11.0.5.jar%23166!/:?] {}
	at MC-BOOTSTRAP/cpw.mods.modlauncher@11.0.5/cpw.mods.modlauncher.Launcher.main(Launcher.java:74) [modlauncher-11.0.5.jar%23166!/:?] {}
	at MC-BOOTSTRAP/cpw.mods.modlauncher@11.0.5/cpw.mods.modlauncher.BootstrapLaunchConsumer.accept(BootstrapLaunchConsumer.java:26) [modlauncher-11.0.5.jar%23166!/:?] {}
	at MC-BOOTSTRAP/cpw.mods.modlauncher@11.0.5/cpw.mods.modlauncher.BootstrapLaunchConsumer.accept(BootstrapLaunchConsumer.java:23) [modlauncher-11.0.5.jar%23166!/:?] {}
	at cpw.mods.bootstraplauncher@2.0.2/cpw.mods.bootstraplauncher.BootstrapLauncher.run(BootstrapLauncher.java:210) [bootstraplauncher-2.0.2.jar:?] {}
	at cpw.mods.bootstraplauncher@2.0.2/cpw.mods.bootstraplauncher.BootstrapLauncher.main(BootstrapLauncher.java:69) [bootstraplauncher-2.0.2.jar:?] {}
	at java.base/jdk.internal.reflect.DirectMethodHandleAccessor.invoke(DirectMethodHandleAccessor.java:103) ~[?:?] {}
	at java.base/java.lang.reflect.Method.invoke(Method.java:580) ~[?:?] {}
	at io.github.zekerzhayard.forgewrapper.installer.Main.main(Main.java:67) [ForgeWrapper-prism-2026-08-01.jar:prism-2026-08-01] {}
	at org.prismlauncher.launcher.impl.StandardLauncher.launch(StandardLauncher.java:115) [NewLaunch.jar:?] {}
	at org.prismlauncher.EntryPoint.listen(EntryPoint.java:129) [NewLaunch.jar:?] {}
	at org.prismlauncher.EntryPoint.main(EntryPoint.java:70) [NewLaunch.jar:?] {}


-- Last reload --
Details:
	Reload number: 1
	Reload reason: initial
	Finished: Yes
	Packs: vanilla, mod_resources, mod/sodium, mod/rhino, mod/kuma_api, mod/fabric_renderer_api_v1, mod/owo, mod/alexsmobs, mod/dmr, mod/codecui, mod/geckolib, mod/mss, mod/mr_farmers_cuttingnethersexoticism, mod/mos, mod/lithostitched, mod/xaerolib, mod/apollib, mod/hotbarslotcycling, mod/questborne, mod/mr_farmers_cuttingregionsunexplored, mod/xaeroworldmap, mod/neoforge, mod/modernfix, mod/citadel, mod/artifacts, mod/fabric_block_view_api_v2, mod/iris, mod/codxlib, mod/mtr, mod/ends_delight, mod/pickupnotifier, mod/distanthorizons, mod/balm, mod/lavafishing, mod/alexs_mobs_extra_music, mod/farmersdelight, mod/nethers_exoticism, mod/blueprint, mod/libipn, mod/terrablender, mod/moonlight, mod/chefsdelight, mod/fabric_api_base, mod/regions_unexplored, mod/creativecore, mod/slotcycler, mod/mmr, mod/lionfishapi, mod/mr_1212_bundlerecipe, mod/kotlinforforge, mod/mmv, mod/cataclysm, mod/curios, mod/xaerominimap, mod/mynethersdelight, mod/mes, mod/mr_pale_gardenremastered, mod/autumnity, mod/backwiththebundle, mod/betteradvancedtooltips, mod/amcdelight, mod/inventoryprofilesnext, mod/oceansdelight, mod/mvs, mod/architectury, mod/appleskin, mod/ferritecore, mod/puzzleslib, mod/fabric_rendering_data_attachment_v1, mod/aquaculture, mod/moogs_structures, mod/mns, mod/expandability, mod/mezz_config, mod/jei, moonlight:merged_pack

-- System Details --
Details:
	Minecraft Version: 1.21.1
	Minecraft Version ID: 1.21.1
	Operating System: Windows 11 (amd64) version 10.0
	Java Version: 21.0.7, Microsoft
	Java VM Version: OpenJDK 64-Bit Server VM (mixed mode), Microsoft
	Memory: 3090145280 bytes (2946 MiB) / 4294967296 bytes (4096 MiB) up to 8589934592 bytes (8192 MiB)
	CPUs: 16
	Processor Vendor: AuthenticAMD
	Processor Name: AMD Ryzen 7 5800X 8-Core Processor             
	Identifier: AuthenticAMD Family 25 Model 33 Stepping 2
	Microarchitecture: Zen 3
	Frequency (GHz): 3.80
	Number of physical packages: 1
	Number of physical CPUs: 8
	Number of logical CPUs: 16
	Graphics card #0 name: NVIDIA GeForce RTX 3070
	Graphics card #0 vendor: NVIDIA
	Graphics card #0 VRAM (MiB): 8192.00
	Graphics card #0 deviceId: VideoController1
	Graphics card #0 versionInfo: 32.0.16.1714
	Memory slot #0 capacity (MiB): 16384.00
	Memory slot #0 clockSpeed (GHz): 3.20
	Memory slot #0 type: DDR4
	Memory slot #1 capacity (MiB): 16384.00
	Memory slot #1 clockSpeed (GHz): 3.20
	Memory slot #1 type: DDR4
	Memory slot #2 capacity (MiB): 16384.00
	Memory slot #2 clockSpeed (GHz): 3.20
	Memory slot #2 type: DDR4
	Memory slot #3 capacity (MiB): 16384.00
	Memory slot #3 clockSpeed (GHz): 3.20
	Memory slot #3 type: DDR4
	Virtual memory max (MiB): 69538.63
	Virtual memory used (MiB): 18759.54
	Swap memory total (MiB): 4096.00
	Swap memory used (MiB): 1.38
	Space in storage for jna.tmpdir (MiB): <path not set>
	Space in storage for org.lwjgl.system.SharedLibraryExtractPath (MiB): <path not set>
	Space in storage for io.netty.native.workdir (MiB): <path not set>
	Space in storage for java.io.tmpdir (MiB): available: 71404.80, total: 474587.28
	Space in storage for workdir (MiB): available: 71404.80, total: 474587.28
	JVM Flags: 3 total; -XX:HeapDumpPath=MojangTricksIntelDriversForPerformance_javaw.exe_minecraft.exe.heapdump -Xms4096m -Xmx8192m
	Loaded Shaderpack: ComplementaryReimagined_r5.8.1.zip
		Profile: HIGH (+6 options changed by user)
	Launched Version: 1.21.1
	Launcher name: PrismLauncher
	Backend library: LWJGL version 3.3.3+5
	Backend API: NVIDIA GeForce RTX 3070/PCIe/SSE2 GL version 4.6.0 NVIDIA 617.14, NVIDIA Corporation
	Window size: 1920x1080
	GFLW Platform: win32
	GL Caps: Using framebuffer using OpenGL 3.2
	GL debug messages: 
	Is Modded: Definitely; Client brand changed to 'neoforge'
	Universe: 400921fb54442d18
	Type: Client (map_client.txt)
	Graphics mode: fancy
	Render Distance: 12/12 chunks
	Resource Packs: vanilla, mod_resources, mod/sodium, mod/rhino, mod/kuma_api (incompatible), mod/fabric_renderer_api_v1, mod/owo, mod/alexsmobs, mod/dmr (incompatible), mod/codecui, mod/geckolib, mod/mss (incompatible), mod/mr_farmers_cuttingnethersexoticism (incompatible), mod/mos (incompatible), mod/lithostitched (incompatible), mod/xaerolib (incompatible), mod/apollib, mod/hotbarslotcycling, mod/questborne, mod/mr_farmers_cuttingregionsunexplored (incompatible), mod/xaeroworldmap (incompatible), mod/neoforge, mod/modernfix (incompatible), mod/citadel (incompatible), mod/artifacts, mod/fabric_block_view_api_v2, mod/iris, mod/codxlib, mod/mtr (incompatible), mod/ends_delight (incompatible), mod/pickupnotifier, mod/distanthorizons (incompatible), mod/balm (incompatible), mod/lavafishing (incompatible), mod/alexs_mobs_extra_music (incompatible), mod/farmersdelight, mod/nethers_exoticism (incompatible), mod/blueprint (incompatible), mod/libipn (incompatible), mod/terrablender (incompatible), mod/moonlight, mod/chefsdelight, mod/fabric_api_base, mod/regions_unexplored (incompatible), mod/creativecore, mod/slotcycler, mod/mmr (incompatible), mod/lionfishapi (incompatible), mod/mr_1212_bundlerecipe (incompatible), mod/kotlinforforge (incompatible), mod/mmv (incompatible), mod/cataclysm (incompatible), mod/curios (incompatible), mod/xaerominimap (incompatible), mod/mynethersdelight, mod/mes (incompatible), mod/mr_pale_gardenremastered (incompatible), mod/autumnity (incompatible), mod/backwiththebundle, mod/betteradvancedtooltips, mod/amcdelight, mod/inventoryprofilesnext (incompatible), mod/oceansdelight, mod/mvs (incompatible), mod/architectury (incompatible), mod/appleskin (incompatible), mod/ferritecore (incompatible), mod/puzzleslib, mod/fabric_rendering_data_attachment_v1, mod/aquaculture (incompatible), mod/moogs_structures (incompatible), mod/mns (incompatible), mod/expandability, mod/mezz_config, mod/jei, moonlight:merged_pack
	Current Language: en_us
	Locale: en_RU
	System encoding: Cp1251
	File encoding: UTF-8
	CPU: 16x AMD Ryzen 7 5800X 8-Core Processor 
	ModLauncher: 11.0.5+main.901c6ea8
	ModLauncher launch target: forgeclient
	ModLauncher services: 
		sponge-mixin-0.15.2+mixin.0.8.7.jar mixin PLUGINSERVICE 
		loader-4.0.44.jar slf4jfixer PLUGINSERVICE 
		loader-4.0.44.jar runtime_enum_extender PLUGINSERVICE 
		at-modlauncher-10.0.1.jar accesstransformer PLUGINSERVICE 
		loader-4.0.44.jar runtimedistcleaner PLUGINSERVICE 
		modlauncher-11.0.5.jar mixin TRANSFORMATIONSERVICE 
		modlauncher-11.0.5.jar fml TRANSFORMATIONSERVICE 
	FML Language Providers: 
		kotlinforforge@5.12.0
		javafml@4.0
		lowcodefml@4.0
		minecraft@4.0
	Mod List: 
		1.21.2-bundle-recipe-1.01.jar                     |1.21.2 Bundle Recipe Backport |mr_1212_bundlerecipe          |1.01                |Manifest: NOSIGNATURE
		alexsmobs-2.2.2-neoforge+1.21.1.jar               |Alex's Mobs Continued         |alexsmobs                     |2.2.2               |Manifest: NOSIGNATURE
		amcdelight-1.0.1-neoforge+1.21.1.jar              |Alex's Mobs Continued Delight |amcdelight                    |1.0.1               |Manifest: NOSIGNATURE
		Alex's Mobs Music Mod 1.20-26.1.2 v1.1.0.jar      |Alex's Mobs Extra Music       |alexs_mobs_extra_music        |1.1.0               |Manifest: NOSIGNATURE
		apollib-1.2.0-neoforge-21.1.jar                   |Apollib                       |apollib                       |1.2.0               |Manifest: NOSIGNATURE
		appleskin-neoforge-mc1.21-3.0.9.jar               |AppleSkin                     |appleskin                     |3.0.9+mc1.21        |Manifest: NOSIGNATURE
		Aquaculture-1.21.1-2.7.21.jar                     |Aquaculture 2                 |aquaculture                   |2.7.21              |Manifest: NOSIGNATURE
		architectury-13.0.11-neoforge.jar                 |Architectury                  |architectury                  |13.0.11             |Manifest: NOSIGNATURE
		artifacts-neoforge-13.2.5.jar                     |Artifacts                     |artifacts                     |13.2.5              |Manifest: NOSIGNATURE
		autumnity-ru-maple-integration-6.0.1.jar          |Autumnity                     |autumnity                     |6.0.1               |Manifest: NOSIGNATURE
		backwiththebundle-1.0.0-rc.1.jar                  |Back with the Bundle          |backwiththebundle             |1.0.0-rc.1          |Manifest: NOSIGNATURE
		balm-neoforge-1.21.1-21.0.66.jar                  |Balm                          |balm                          |21.0.66             |Manifest: NOSIGNATURE
		better-advanced-tooltips-2101.1.0-build.5.jar     |Better Advanced Tooltips      |betteradvancedtooltips        |2101.1.0-build.5    |Manifest: NOSIGNATURE
		blueprint-1.21.1-8.2.0.jar                        |Blueprint                     |blueprint                     |8.2.0               |Manifest: NOSIGNATURE
		chefsdelight-1.0.5-neoforge-1.21.1.jar            |Chefs Delight                 |chefsdelight                  |1.0.5               |Manifest: NOSIGNATURE
		citadel-1.21.1-2.7.6.jar                          |Citadel                       |citadel                       |2.7.6               |Manifest: NOSIGNATURE
		codecui-neoforge-1.21.1-1.4.5.jar                 |CodecUI                       |codecui                       |1.21.1-1.4.5        |Manifest: NOSIGNATURE
		codxlib-1.6.1-neoforge+1.21.1.jar                 |CodxLib                       |codxlib                       |1.6.1               |Manifest: NOSIGNATURE
		CreativeCore_NEOFORGE_v2.13.48_mc1.21.1.jar       |CreativeCore                  |creativecore                  |2.13.48             |Manifest: NOSIGNATURE
		curios-neoforge-9.5.1+1.21.1.jar                  |Curios API                    |curios                        |9.5.1+1.21.1        |Manifest: NOSIGNATURE
		DistantHorizons-3.3.2-1.21.1.jar                  |Distant Horizons              |distanthorizons               |3.3.2               |Manifest: NOSIGNATURE
		Dragon Mounts Remastered-1.21.1-1.9.2.jar         |Dragon Mounts Remastered      |dmr                           |1.9.2               |Manifest: NOSIGNATURE
		ends_delight-2.6.1+neoforge.1.21.1.jar            |End's Delight                 |ends_delight                  |2.6.1+neoforge.1.21.|Manifest: NOSIGNATURE
		expandability-neoforge-12.0.0.jar                 |ExpandAbility                 |expandability                 |12.0.0              |Manifest: NOSIGNATURE
		farmers-cutting-nethers-exoticism-1.21.1-1.0.jar  |Farmer's Cutting: Nether's Exo|mr_farmers_cuttingnethersexoti|1.21.1-1.0          |Manifest: NOSIGNATURE
		farmers-cutting-regions-unexplored-1.21.1-1.1b-neo|Farmer's Cutting: Regions Unex|mr_farmers_cuttingregionsunexp|1.21.1-1.1b-neoforge|Manifest: NOSIGNATURE
		FarmersDelight-1.21.1-1.3.4.jar                   |Farmer's Delight              |farmersdelight                |1.3.4               |Manifest: NOSIGNATURE
		ferritecore-7.0.3-neoforge.jar                    |Ferrite Core                  |ferritecore                   |7.0.3               |Manifest: 41:ce:50:66:d1:a0:05:ce:a1:0e:02:85:9b:46:64:e0:bf:2e:cf:60:30:9a:fe:0c:27:e0:63:66:9a:84:ce:8a
		fabric-api-base-0.4.42+d1308ded19.jar             |Forgified Fabric API Base     |fabric_api_base               |0.4.42+d1308ded19   |Manifest: NOSIGNATURE
		fabric-block-view-api-v2-1.0.10+9afaaf8c19.jar    |Forgified Fabric BlockView API|fabric_block_view_api_v2      |1.0.10+9afaaf8c19   |Manifest: NOSIGNATURE
		fabric-renderer-api-v1-3.4.1+9125b6dc19.jar       |Forgified Fabric Renderer API |fabric_renderer_api_v1        |3.4.1+9125b6dc19    |Manifest: NOSIGNATURE
		fabric-rendering-data-attachment-v1-0.3.48+73761d2|Forgified Fabric Rendering Dat|fabric_rendering_data_attachme|0.3.48+73761d2e19   |Manifest: NOSIGNATURE
		geckolib-neoforge-1.21.1-4.9.3.jar                |GeckoLib 4                    |geckolib                      |4.9.3               |Manifest: NOSIGNATURE
		hotbarslotcycling-neoforge-21.1.1.jar             |Hotbar Slot Cycling           |hotbarslotcycling             |21.1.1              |Manifest: NOSIGNATURE
		InventoryProfilesNext-neoforge-1.21.1-2.2.5.jar   |Inventory Profiles Next       |inventoryprofilesnext         |2.2.5               |Manifest: NOSIGNATURE
		iris-neoforge-1.8.14-beta.1+mc1.21.1.jar          |Iris                          |iris                          |1.8.14-beta.1+mc1.21|Manifest: NOSIGNATURE
		jei-1.21.1-neoforge-19.57.0.449.jar               |Just Enough Items             |jei                           |19.57.0.449         |Manifest: NOSIGNATURE
		thedarkcolour.kffmod-5.12.0.jar                   |Kotlin For Forge              |kotlinforforge                |5.12.0              |Manifest: NOSIGNATURE
		kuma-api-neoforge-21.0.8+1.21.jar                 |KumaAPI                       |kuma_api                      |21.0.8              |Manifest: NOSIGNATURE
		L_Ender's Cataclysm 1.21.1-3.33.jar               |L_Ender's Cataclysm 1.21.1    |cataclysm                     |3.33                |Manifest: NOSIGNATURE
		lavafishing-1.21.1-1.2.13-all.jar                 |Lava Fishing                  |lavafishing                   |1.2.13              |Manifest: NOSIGNATURE
		libIPN-neoforge-1.21.1-6.6.3.jar                  |libIPN                        |libipn                        |6.6.3               |Manifest: NOSIGNATURE
		lionfishapi-3.1.jar                               |lionfishapi                   |lionfishapi                   |3.1                 |Manifest: NOSIGNATURE
		lithostitched-1.8.0-neoforge-21.1.jar             |Lithostitched                 |lithostitched                 |1.8.0               |Manifest: NOSIGNATURE
		questborne-neoforge-1.1.0.jar                     |MCG's Questborne              |questborne                    |1.1.0               |Manifest: NOSIGNATURE
		mezz_config-1.21.1-neoforge-0.5.12.jar            |MezzConfig                    |mezz_config                   |0.5.12              |Manifest: NOSIGNATURE
		client-1.21.1-20240808.144430-srg.jar             |Minecraft                     |minecraft                     |1.21.1              |Manifest: a1:d4:5e:04:4f:d3:d6:e0:7b:37:97:cf:77:b0:de:ad:4a:47:ce:8c:96:49:5f:0a:cf:8c:ae:b2:6d:4b:8a:3f
		modernfix-neoforge-5.27.24+mc1.21.1.jar           |ModernFix                     |modernfix                     |5.27.24+mc1.21.1    |Manifest: NOSIGNATURE
		MoogsStructureLib-neoforge-1.21.1-3.3.1.jar       |Moog's Structure Lib          |moogs_structures              |3.3.1               |Manifest: NOSIGNATURE
		MoogsEndStructures-universal-1.21-2.1.1.jar       |MoogsEndStructures            |mes                           |2.1.1               |Manifest: NOSIGNATURE
		MoogsMineshaftsReimagined-1.21-1.0.3.jar          |MoogsMineshaftsReimagined     |mmr                           |1.0.3               |Manifest: NOSIGNATURE
		MoogsMissingVillages-universal-1.21-2.2.0.jar     |MoogsMissingVillages          |mmv                           |2.2.0               |Manifest: NOSIGNATURE
		MoogsNetherStructures-universal-1.21-3.1.1.jar    |MoogsNetherStructures         |mns                           |3.1.1               |Manifest: NOSIGNATURE
		MoogsOceanStructures-universal-1.21-1.1.1.jar     |MoogsOceanStructures          |mos                           |1.1.1               |Manifest: NOSIGNATURE
		MoogsSoaringStructures-universal-1.21-2.2.0.jar   |MoogsSoaringStructures        |mss                           |2.2.0               |Manifest: NOSIGNATURE
		MoogsTemplesReimagined-universal-1.21-2.0.4.jar   |MoogsTemplesReimagined        |mtr                           |2.0.4               |Manifest: NOSIGNATURE
		MoogsVoyagerStructures-universal-1.21-5.1.3.jar   |MoogsVoyagerStructures        |mvs                           |5.1.3               |Manifest: NOSIGNATURE
		moonlight-1.21.1-3.6.9-neoforge.jar               |Moonlight Lib                 |moonlight                     |1.21.1-3.6.9        |Manifest: NOSIGNATURE
		MyNethersDelight-1.21.1-1.10.4.1.jar              |My Nether's Delight           |mynethersdelight              |1.10.4.1            |Manifest: NOSIGNATURE
		neoforge-21.1.249-universal.jar                   |NeoForge                      |neoforge                      |21.1.249            |Manifest: NOSIGNATURE
		nether-s-exoticism-1.21.1-1.2.9.jar               |Nether's Exoticism            |nethers_exoticism             |1.2.9               |Manifest: NOSIGNATURE
		oceansdelight-neoforge-1.0.4-1.21.1.jar           |Ocean's Delight               |oceansdelight                 |1.0.4               |Manifest: NOSIGNATURE
		owo-lib-neoforge-0.12.15.5-beta.1+1.21.jar        |oωo                           |owo                           |0.12.15.5-beta.1+1.2|Manifest: NOSIGNATURE
		PickUpNotifier-v21.1.1-1.21.1-NeoForge.jar        |Pick Up Notifier              |pickupnotifier                |21.1.1              |Manifest: NOSIGNATURE
		PuzzlesLib-v21.1.60-mc1.21.1-NeoForge.jar         |Puzzles Lib                   |puzzleslib                    |21.1.60             |Manifest: NOSIGNATURE
		regions-unexplored-0.6.2-neoforge-21.1.jar        |Regions Unexplored            |regions_unexplored            |0.6.2               |Manifest: NOSIGNATURE
		rhino-2101.2.8-build.91.jar                       |Rhino                         |rhino                         |2101.2.8-build.91   |Manifest: NOSIGNATURE
		SlotCycler-v21.1.1-1.21.1-NeoForge.jar            |Slot Cycler                   |slotcycler                    |21.1.1              |Manifest: NOSIGNATURE
		net.caffeinemc.sodium-neoforge-0.8.13+mc1.21.1-mod|Sodium                        |sodium                        |0.8.13+mc1.21.1     |Manifest: NOSIGNATURE
		TerraBlender-neoforge-1.21.1-4.1.0.8.jar          |TerraBlender                  |terrablender                  |4.1.0.8             |Manifest: NOSIGNATURE
		pale-garden-remastered-v1.3.4.jar                 |The Pale Garden Remastered    |mr_pale_gardenremastered      |1-v1.3.4            |Manifest: NOSIGNATURE
		xaerominimap-neoforge-1.21.1-26.5.0.jar           |Xaero's Minimap               |xaerominimap                  |26.5.0              |Manifest: NOSIGNATURE
		xaeroworldmap-neoforge-1.21.1-1.46.0.jar          |Xaero's World Map             |xaeroworldmap                 |1.46.0              |Manifest: NOSIGNATURE
		xaerolib-neoforge-1.21.1-1.7.3.jar                |XaeroLib                      |xaerolib                      |1.7.3               |Manifest: NOSIGNATURE
	Crash Report UUID: 93eb7d91-fee5-4816-89ed-299a88e17256
	FML: 4.0.44
	NeoForge: 21.1.249
[27Sep2026 15:20:31.036] [Render thread/FATAL] [net.neoforged.neoforge.common.NeoForgeMod/]: Preparing crash report with UUID b3096a91-f560-4291-a86a-e84d293a3a10
[27Sep2026 15:20:31.036] [Render thread/INFO] [STDOUT/]: [net.minecraft.server.Bootstrap:realStdoutPrintln:135]: #@!@# Game crashed! Crash report saved to: #@!@# C:\Users\gushi\AppData\Roaming\PrismLauncher\instances\1.21.1\minecraft\crash-reports\crash-2026-09-27_15.20.30-client.txt
